latitude,longitude,bright_ti4,scan,track,acq_date,acq_time,satellite,instrument,confidence,version,bright_ti5,frp,daynight,active_days_30d,active_day_ratio_30d,total_detections_30d,max_frp_30d,mean_frp_30d,recent_active_days_7d,recent_detections_7d,recent_mean_frp_7d,nearest_industrial_km,nearest_power_plant_km,nearest_storage_tank_km,nearest_chimney_km,storage_tank_count_2km,chimney_count_2km,substation_count_2km,probability_industrial,prediction,risk_level
21.10197,72.63417,314.93,0.57,0.52,2026-08-27,2121,N21,VIIRS,n,2.0NRT,273.63,6.06,N,1,0.0333333333333333,2,6.06,4.965,1,2,4.965,1.3245244771524651,2.04604053956962,1.1313831983673983,2.026544737123154,19,0,2,0.01880925928825002,0,Low
21.10285,72.63518,315.13,0.57,0.52,2026-08-27,2121,N21,VIIRS,n,2.0NRT,274.69,3.87,N,1,0.0333333333333333,2,6.06,4.965,1,2,4.965,1.181220415837332,1.9223403341483984,1.189405861673437,1.898055237842359,19,1,2,0.01880925928825002,0,Low
21.10449,72.64615,317.36,0.58,0.52,2026-08-27,2121,N21,VIIRS,n,2.0NRT,274.79,5.35,N,1,0.0333333333333333,2,5.51,5.43,1,2,5.43,0.6478505104959973,1.782257225298489,0.8812088789683109,1.680447816988904,9,1,2,0.01880925928825002,0,Low
21.1053,72.64713,317.47,0.58,0.52,2026-08-27,2121,N21,VIIRS,n,2.0NRT,275.42,5.51,N,1,0.0333333333333333,2,5.51,5.43,1,2,5.43,0.6176696030008527,1.7380427845837516,0.8618931908717659,1.6293075320243828,4,1,2,0.00906120753852323,0,Low
22.92664,70.10658,313.67,0.56,0.43,2026-08-27,2121,N21,VIIRS,n,2.0NRT,293.11,2.39,N,1,0.0333333333333333,1,2.39,2.39,1,1,2.39,0.8619718468211595,,,,0,0,1,0.0,0,Low
21.10448,72.6461,337.3,0.44,0.38,2026-08-28,833,N21,VIIRS,n,2.0NRT,295.3,5.25,D,2,0.0666666666666666,3,5.51,5.37,2,3,5.37,0.6468898451543367,1.781493309534632,0.8796845733846236,1.6799791271015962,9,1,2,0.05993601966521892,0,Low
22.92856,70.10652,343.86,0.39,0.36,2026-08-28,833,N21,VIIRS,n,2.0NRT,308.24,12.98,D,2,0.0666666666666666,2,12.98,7.685,2,2,7.685,1.0674869187139888,,,,0,0,1,0.00048395867319195215,0,Low
23.12482,70.94032,336.71,0.4,0.37,2026-08-28,833,N21,VIIRS,n,2.0NRT,301.49,3.33,D,1,0.0333333333333333,1,3.33,3.33,1,1,3.33,,,,,0,0,0,0.0,0,Low
21.09752,72.6374,303.42,0.4,0.37,2026-08-29,2042,N21,VIIRS,n,2.0NRT,290.67,2.39,N,2,0.0666666666666666,11,6.06,2.7245454545454546,2,11,2.7245454545454546,1.173702980429607,2.461297492544164,1.2211056894834025,2.414706047365576,25,0,0,0.3659656271452388,0,Low
21.09809,72.63358,304.5,0.4,0.37,2026-08-29,2042,N21,VIIRS,n,2.0NRT,291.35,3.0,N,2,0.0666666666666666,11,6.06,2.713636363636364,2,11,2.713636363636364,1.2593463616079843,2.4768122551917213,0.895798267294412,2.45242132486584,19,0,0,0.3626322938119055,0,Low
21.10031,72.64175,304.8,0.4,0.37,2026-08-29,2042,N21,VIIRS,n,2.0NRT,291.14,2.39,N,3,0.1,17,6.06,3.227058823529412,3,17,3.227058823529412,1.0819224391745288,2.141066210345848,1.2361322722018393,2.070000841364865,19,0,0,0.5698475950368284,1,Moderate
21.10088,72.63794,326.61,0.4,0.37,2026-08-29,2042,N21,VIIRS,n,2.0NRT,292.55,2.39,N,3,0.1,18,6.06,2.7894444444444444,3,18,2.7894444444444444,1.1656661754455728,2.083748842716246,1.2470199003966578,2.037017041642998,19,0,1,0.5818324435216768,1,Moderate
21.10144,72.63414,333.85,0.4,0.37,2026-08-29,2042,N21,VIIRS,n,2.0NRT,293.5,3.0,N,2,0.0666666666666666,14,6.06,2.4085714285714284,2,14,2.4085714285714284,1.3665523515363416,2.1032022890497086,1.1125402583656954,2.082588970491997,19,0,1,0.38516577685501013,0,Low
21.10201,72.63033,302.99,0.4,0.37,2026-08-29,2042,N21,VIIRS,n,2.0NRT,291.01,3.0,N,2,0.0666666666666666,11,6.06,2.6063636363636364,2,11,2.6063636363636364,1.0587595903912708,2.1957242427914365,0.7614287419081127,2.2003665779341914,13,0,1,0.3745294132186465,0,Low
21.1031,72.64612,335.99,0.4,0.37,2026-08-29,2042,N21,VIIRS,n,2.0NRT,293.69,4.56,N,3,0.1,11,5.51,3.211818181818181,3,11,3.211818181818181,0.7916525137793463,1.9268178936267764,1.0178902538386785,1.8277784936507668,12,1,1,0.586514261703495,1,Moderate
21.10367,72.64231,306.36,0.4,0.37,2026-08-29,2042,N21,VIIRS,n,2.0NRT,291.88,1.33,N,3,0.1,17,6.06,3.1217647058823528,3,17,3.1217647058823528,0.7042173272148095,1.7752426072537673,0.8626290347431383,1.698917518624694,15,1,2,0.586030303030303,1,Moderate
21.10423,72.6385,312.79,0.4,0.37,2026-08-29,2042,N21,VIIRS,n,2.0NRT,291.45,1.33,N,3,0.1,20,6.06,3.014,3,20,3.014,0.8288361156904391,1.7072056623980911,0.8799885742160185,1.660099071634136,19,1,2,0.5846818181818182,1,Moderate
21.10479,72.63469,312.83,0.4,0.37,2026-08-29,2042,N21,VIIRS,n,2.0NRT,290.99,1.21,N,2,0.0666666666666666,15,6.06,2.3366666666666664,2,15,2.3366666666666664,1.0946145160025793,1.7314047246998865,1.0605626163019966,1.71629947729954,11,1,2,0.38936363636363636,0,Low
21.10536,72.63088,301.49,0.4,0.37,2026-08-29,2042,N21,VIIRS,n,2.0NRT,289.49,1.21,N,2,0.0666666666666666,11,6.06,2.51,2,11,2.51,1.326487261878723,1.8432625046847733,1.02460469833724,1.858016971580139,11,1,2,0.3873787878787879,0,Low
21.10646,72.64668,328.62,0.4,0.37,2026-08-29,2042,N21,VIIRS,n,2.0NRT,293.11,4.56,N,3,0.1,10,5.51,3.294,3,10,3.294,0.486377345698089,1.6013807953882049,0.7325880250627651,1.4922017185211902,4,1,2,0.5726969696969697,1,Moderate
21.10702,72.64287,304.47,0.4,0.37,2026-08-29,2042,N21,VIIRS,n,2.0NRT,292.99,1.33,N,3,0.1,14,5.51,2.972857142857143,3,14,2.972857142857143,0.32850552792908,1.41697514282529,0.4972401164306852,1.3328933076255765,4,1,2,0.576030303030303,1,Moderate
21.10758,72.63906,308.44,0.4,0.37,2026-08-29,2042,N21,VIIRS,n,2.0NRT,293.06,1.33,N,3,0.1,17,6.06,3.0523529411764705,3,17,3.0523529411764705,0.5472020122537068,1.3309244073716575,0.5272278606530747,1.2832329395762363,10,1,2,0.576645794039985,1,Moderate
21.10815,72.63525,307.06,0.4,0.37,2026-08-29,2042,N21,VIIRS,n,2.0NRT,292.54,1.21,N,2,0.0666666666666666,12,6.06,2.2725000000000004,2,12,2.2725000000000004,0.9003761022849035,1.3609669353487823,0.7924868094694065,1.354342644996555,11,1,2,0.3813276122218031,0,Low
24.68999,73.00279,303.15,0.41,0.37,2026-08-29,2042,N21,VIIRS,n,2.0NRT,289.02,0.98,N,1,0.0333333333333333,1,0.98,0.98,1,1,0.98,0.2313192069808601,1.4207143906179036,,,0,0,2,0.003268657448269099,0,Low
21.10025,72.63715,330.55,0.44,0.46,2026-08-30,2023,N21,VIIRS,n,2.0NRT,293.27,5.24,N,3,0.1,19,6.06,2.926842105263158,3,19,2.926842105263158,1.268401779006404,2.163623412135468,1.3322745101586224,2.121321255946365,19,0,1,0.5838172920065253,1,Moderate
21.10076,72.63288,318.99,0.44,0.46,2026-08-30,2023,N21,VIIRS,n,2.0NRT,292.62,5.24,N,3,0.1,15,6.06,2.858,3,15,2.858,1.2451141036778903,2.2164908689895126,0.9681839629649304,2.2021081498872586,19,0,1,0.5818324435216768,1,Moderate
21.10351,72.64619,339.7,0.44,0.46,2026-08-30,2023,N21,VIIRS,n,2.0NRT,294.58,5.52,N,4,0.1333333333333333,14,5.52,3.7064285714285705,4,14,3.7064285714285705,0.7509181119006622,1.886112281713718,0.9797922898430812,1.785968726371479,12,1,1,0.6151657768550102,1,Moderate
21.10401,72.64194,305.83,0.44,0.46,2026-08-30,2023,N21,VIIRS,n,2.0NRT,292.22,5.52,N,4,0.1333333333333333,21,6.06,3.5652380952380947,4,21,3.5652380952380947,0.676827221585982,1.733199768174682,0.8244149823926682,1.659304340369638,16,1,2,0.5980151515151515,1,Moderate
21.10776,72.64674,316.31,0.44,0.46,2026-08-30,2023,N21,VIIRS,n,2.0NRT,294.45,5.52,N,4,0.1333333333333333,13,5.52,3.8076923076923066,4,13,3.8076923076923066,0.3897739593484245,1.4745778961380502,0.6356478698483801,1.3615676875997211,4,1,2,0.5926969696969697,1,Moderate
21.43382,72.97546,306.45,0.43,0.46,2026-08-30,2023,N21,VIIRS,n,2.0NRT,292.27,1.11,N,1,0.0333333333333333,1,1.11,1.11,1,1,1.11,1.8662249936245687,,,,0,0,0,0.0,0,Low
22.38949,73.11753,317.74,0.43,0.46,2026-08-30,2023,N21,VIIRS,n,2.0NRT,291.33,2.05,N,1,0.0333333333333333,1,2.05,2.05,1,1,2.05,0.7191802992454633,2.2952126312535213,1.217111817962534,2.190116617893174,50,0,2,0.010460172961848006,0,Low
21.10521,72.64474,328.52,0.45,0.63,2026-08-31,2004,N21,VIIRS,n,2.0NRT,285.25,6.75,N,5,0.1666666666666666,16,6.75,3.9925,5,16,3.9925,0.5277563046673195,1.6596967068935609,0.7456835632946174,1.5648954344271255,7,1,2,0.9846818181818181,1,High
22.3833,73.1189,311.62,0.73,0.76,2026-08-31,2144,N21,VIIRS,n,2.0NRT,268.93,2.43,N,2,0.0666666666666666,3,4.01,2.83,2,3,2.83,0.4442186151634608,2.041594105212559,0.5339461911722261,1.9498320641183824,54,7,3,0.04128450451370376,0,Low
22.39004,73.12098,309.44,0.73,0.76,2026-08-31,2144,N21,VIIRS,n,2.0NRT,270.65,4.01,N,2,0.0666666666666666,3,4.01,2.83,2,3,2.83,0.7728109174988715,2.609205609423489,1.203882590332307,2.5113061867826283,50,0,2,0.04320467711348801,0,Low
23.33648,69.71748,344.43,0.47,0.48,2026-09-01,858,N21,VIIRS,n,2.0NRT,297.19,12.0,D,1,0.0333333333333333,1,12.0,12.0,1,1,12.0,8.878090514485258,,,,0,0,0,0.0,0,Low
20.90965,71.45818,303.17,0.62,0.54,2026-09-01,2125,N21,VIIRS,n,2.0NRT,282.35,1.21,N,1,0.0333333333333333,1,1.21,1.21,1,1,1.21,0.3716063087129885,1.389104056151284,,1.6322701408616926,0,2,4,0.002193689027022361,0,Low
22.93195,69.69841,303.97,0.44,0.46,2026-09-01,2125,N21,VIIRS,n,2.0NRT,286.95,1.21,N,1,0.0333333333333333,1,1.21,1.21,1,1,1.21,0.4273375687695038,0.4273375687695038,,,0,0,2,0.010845204178537512,0,Low
24.69068,73.00339,305.11,0.32,0.55,2026-09-01,2125,N21,VIIRS,n,2.0NRT,287.48,1.2,N,2,0.0666666666666666,2,1.2,1.09,2,2,1.09,0.1677296400665395,1.3355680147022528,,,0,0,2,0.011604859845329035,0,Low
21.10416,72.63442,335.35,0.52,0.41,2026-09-02,837,N21,VIIRS,n,2.0NRT,290.75,8.63,D,4,0.1333333333333333,21,11.47,3.5390476190476194,4,21,3.5390476190476194,1.1556166469888058,1.806767520135651,1.1298315770754923,1.7917036598353806,11,1,2,0.6233333333333333,1,Moderate
21.10544,72.64433,333.95,0.52,0.41,2026-09-02,837,N21,VIIRS,n,2.0NRT,292.7,5.69,D,6,0.2,22,13.36,4.164090909090908,6,22,4.164090909090908,0.4956275273093043,1.623323508135318,0.7066171692459317,1.530817541924045,4,1,2,0.9966666666666667,1,High
24.69158,73.00177,305.2,0.51,0.41,2026-09-02,2106,N21,VIIRS,n,2.0NRT,293.75,1.56,N,3,0.1,3,1.56,1.2466666666666666,3,3,1.2466666666666666,0.112553086602103,1.2709868643567757,,,0,0,2,0.2565430530239915,0,Low
20.91063,71.46042,308.72,0.48,0.4,2026-09-02,2108,N21,VIIRS,n,2.0NRT,292.74,1.09,N,2,0.0666666666666666,2,1.21,1.15,2,2,1.15,0.2749175211287392,1.383206865204439,,1.5727224676577776,0,2,4,0.008223992057325392,0,Low
21.10053,72.65025,308.09,0.56,0.43,2026-09-02,2108,N21,VIIRS,n,2.0NRT,291.26,1.8,N,6,0.2,15,13.36,4.993999999999999,6,15,4.993999999999999,,,,,0,0,0,0.9613484848484848,1,High
21.10342,72.63448,331.44,0.55,0.43,2026-09-02,2108,N21,VIIRS,n,2.0NRT,292.86,11.47,N,4,0.1333333333333333,21,11.47,3.5390476190476194,4,21,3.5390476190476194,1.1977423087960066,1.882726997756324,1.1859237704754342,1.8649956051459489,19,1,2,0.6233333333333333,1,Moderate
21.10441,72.65108,305.34,0.56,0.43,2026-09-02,2108,N21,VIIRS,n,2.0NRT,291.72,1.8,N,6,0.2,15,13.36,4.923333333333332,6,15,4.923333333333332,0.801023114462584,0.801023114462584,0.5601320459478102,0.7372587319608774,1,12,4,0.9946818181818181,1,High
21.10537,72.64582,338.79,0.55,0.43,2026-09-02,2108,N21,VIIRS,n,2.0NRT,292.98,13.36,N,6,0.2,19,13.36,4.278421052631579,6,19,4.278421052631579,0.5444114637374116,1.6786137808984358,0.7792138351884669,1.576849826348924,4,1,2,0.9966666666666667,1,High
21.11116,72.63615,312.42,0.55,0.43,2026-09-02,2108,N21,VIIRS,n,2.0NRT,292.67,3.17,N,4,0.1333333333333333,11,11.47,3.661818181818182,4,11,3.661818181818182,0.799767020919667,1.016315039382972,0.6112789388067105,1.017426959077729,6,1,2,0.6007121212121213,1,Moderate
21.16569,72.67112,316.32,0.56,0.43,2026-09-02,2108,N21,VIIRS,n,2.0NRT,291.74,3.52,N,1,0.0333333333333333,1,3.52,3.52,1,1,3.52,0.4550660856682243,0.7954757304756693,0.2099293755194573,1.0223096123737712,100,10,4,0.006987717548575087,0,Low
22.33454,69.86774,310.66,0.41,0.37,2026-09-02,2108,N21,VIIRS,n,2.0NRT,296.02,3.38,N,1,0.0333333333333333,1,3.38,3.38,1,1,3.38,0.2766648824370303,1.2718428737912466,0.5245118808697841,0.83869268366499,50,38,3,0.0,0,Low
22.33987,69.85667,307.95,0.41,0.37,2026-09-02,2108,N21,VIIRS,n,2.0NRT,295.24,2.26,N,1,0.0333333333333333,1,2.26,2.26,1,1,2.26,0.158505555709127,1.2133334194978114,0.2995442074088199,0.3794640302222662,37,29,1,0.007447194960139944,0,Low
22.92629,69.82218,305.4,0.4,0.37,2026-09-02,2108,N21,VIIRS,n,2.0NRT,293.72,1.74,N,1,0.0333333333333333,1,1.74,1.74,1,1,1.74,0.1881995014042377,,,,0,0,2,0.0013484848484848486,0,Low
22.92994,69.69517,302.4,0.4,0.37,2026-09-02,2108,N21,VIIRS,n,2.0NRT,289.38,0.57,N,2,0.0666666666666666,5,1.56,1.236,2,5,1.236,0.7710833929947138,0.7710833929947138,,,0,0,2,0.16468181818181818,0,Low
22.93201,69.70352,305.43,0.4,0.37,2026-09-02,2108,N21,VIIRS,n,2.0NRT,292.37,1.56,N,2,0.0666666666666666,5,1.56,1.236,2,5,1.236,0.1229319838474854,0.1229319838474854,,,0,0,2,0.16071212121212122,0,Low
22.93265,69.69967,310.89,0.4,0.37,2026-09-02,2108,N21,VIIRS,n,2.0NRT,291.53,1.42,N,2,0.0666666666666666,5,1.56,1.236,2,5,1.236,0.325892248559966,0.325892248559966,,,0,0,2,0.16,0,Low
22.93328,69.69582,318.9,0.4,0.37,2026-09-02,2108,N21,VIIRS,n,2.0NRT,292.01,1.42,N,2,0.0666666666666666,5,1.56,1.236,2,5,1.236,0.7196155582550976,0.7196155582550976,,,0,0,2,0.16,0,Low
23.26631,70.25797,305.63,0.41,0.37,2026-09-02,2108,N21,VIIRS,n,2.0NRT,294.02,1.08,N,1,0.0333333333333333,1,1.08,1.08,1,1,1.08,0.2969120768773225,,,,0,0,0,0.0,0,Low
23.4986,68.57943,306.78,0.38,0.36,2026-09-02,2108,N21,VIIRS,n,2.0NRT,291.89,1.01,N,1,0.0333333333333333,1,1.01,1.01,1,1,1.01,,,,,0,0,0,0.0,0,Low
21.10192,72.63627,339.66,0.39,0.36,2026-09-03,820,N21,VIIRS,n,2.0NRT,300.92,9.64,D,6,0.2,29,11.47,4.142758620689655,5,27,4.081851851851852,1.1744696104850778,1.9963770636789784,1.214291714294768,1.9624309988960704,19,1,2,1.0,1,High
21.10363,72.64727,341.64,0.39,0.36,2026-09-03,820,N21,VIIRS,n,2.0NRT,302.04,9.19,D,7,0.2333333333333333,23,13.36,4.86695652173913,6,21,4.8133333333333335,0.7841285490803352,1.9139569794692584,1.022638713350159,1.808127294206828,10,1,1,1.0,1,High
21.10691,72.6467,353.0,0.39,0.36,2026-09-03,820,N21,VIIRS,n,2.0NRT,303.51,9.19,D,7,0.2333333333333333,24,13.36,4.783333333333334,6,22,4.724545454545455,0.4499750171603223,1.5570997992826914,0.6971062226970668,1.446648969337947,4,1,2,1.0,1,High
21.1085,72.63512,338.53,0.39,0.36,2026-09-03,820,N21,VIIRS,n,2.0NRT,301.34,6.92,D,5,0.1666666666666666,24,11.47,4.046250000000001,4,22,3.962727272727273,0.9062479786919422,1.3301590003188923,0.7876441007178607,1.3265570488411975,11,1,2,0.9966666666666667,1,High
21.16552,72.67063,343.59,0.38,0.36,2026-09-03,820,N21,VIIRS,n,2.0NRT,300.03,5.56,D,2,0.0666666666666666,3,5.56,4.260000000000001,2,3,4.260000000000001,0.5020518950426833,0.8470955609904496,0.240635769960156,0.9708146417204644,100,6,4,0.0471756854640672,0,Low
22.92853,70.10656,332.86,0.43,0.38,2026-09-03,820,N21,VIIRS,l,2.0NRT,302.73,7.14,D,3,0.1,4,12.98,7.7575,2,3,9.546666666666669,1.065127671379911,,,,0,0,1,0.029715605929209157,0,Low
22.92924,70.1059,335.84,0.43,0.38,2026-09-03,820,N21,VIIRS,l,2.0NRT,303.18,8.52,D,3,0.1,4,12.98,7.7575,2,3,9.546666666666669,1.1302769359552167,,,,0,0,1,0.029715605929209157,0,Low
23.30886,69.4185,333.65,0.45,0.39,2026-09-03,820,N21,VIIRS,n,2.0NRT,301.35,5.76,D,1,0.0333333333333333,1,5.76,5.76,1,1,5.76,,,,,0,0,0,0.0,0,Low
20.86645,70.5637,309.83,0.41,0.37,2026-09-03,2046,N21,VIIRS,n,2.0NRT,293.44,1.05,N,1,0.0333333333333333,1,1.05,1.05,1,1,1.05,0.6988749135038806,,,,0,0,1,0.0,0,Low
20.91031,71.45869,316.39,0.39,0.36,2026-09-03,2046,N21,VIIRS,n,2.0NRT,294.64,1.67,N,3,0.1,3,1.67,1.3233333333333333,3,3,1.3233333333333333,0.3617951674869264,1.426130647605885,,1.6523108555811816,0,2,4,0.24412230598000928,0,Low
21.10016,72.63646,332.79,0.38,0.36,2026-09-03,2046,N21,VIIRS,n,2.0NRT,294.58,6.12,N,5,0.1666666666666666,24,11.47,4.0925,4,22,4.013181818181819,1.316520612239832,2.1848996883882976,1.263197135651186,2.146870630493582,19,0,1,0.9938172920065252,1,High
21.10345,72.63704,333.77,0.38,0.36,2026-09-03,2046,N21,VIIRS,n,2.0NRT,294.36,2.86,N,7,0.2333333333333333,35,13.36,4.4957142857142856,6,32,4.4396875,0.9952461258877642,1.814189616015547,1.0269876098747182,1.777389767472983,19,1,2,0.9966666666666667,1,High
21.10502,72.64862,318.53,0.38,0.36,2026-09-03,2046,N21,VIIRS,n,2.0NRT,294.39,5.98,N,7,0.2333333333333333,21,13.36,5.203809523809523,6,19,5.18,0.7395170600373864,1.8352296379204625,0.986643591804692,1.720282195456922,4,1,1,0.9966666666666667,1,High
21.10559,72.64497,336.85,0.38,0.36,2026-09-03,2046,N21,VIIRS,n,2.0NRT,296.19,5.98,N,7,0.2333333333333333,27,13.36,4.803333333333334,6,25,4.7532,0.4920832780243486,1.6264559085479158,0.7165152281792196,1.529448642008545,4,1,2,0.9966666666666667,1,High
21.10674,72.63763,308.49,0.38,0.36,2026-09-03,2046,N21,VIIRS,n,2.0NRT,294.77,2.86,N,7,0.2333333333333333,37,13.36,4.776756756756757,6,33,4.725757575757576,0.722078481362956,1.4433107012318425,0.692912910717489,1.4082904772211544,11,1,2,0.9946818181818181,1,High
21.10831,72.64921,307.64,0.38,0.36,2026-09-03,2046,N21,VIIRS,n,2.0NRT,294.94,2.7,N,7,0.2333333333333333,20,13.36,5.3445,6,18,5.335,0.5937523255503957,1.5603440730974152,0.8207636916004285,1.434674135010688,4,1,2,0.9926969696969697,1,High
21.11061,72.63454,307.53,0.38,0.36,2026-09-03,2046,N21,VIIRS,n,2.0NRT,294.41,2.17,N,4,0.1333333333333333,16,11.47,4.079375,3,14,3.9528571428571433,0.9572710963613144,1.1473360203752256,0.7828305246970476,1.1628812583119326,11,1,2,0.606030303030303,1,Moderate
21.16664,72.67046,322.83,0.38,0.36,2026-09-03,2046,N21,VIIRS,n,2.0NRT,294.07,3.7,N,2,0.0666666666666666,3,5.56,4.260000000000001,2,3,4.260000000000001,0.4307347070193403,0.8668832498372787,0.332707166814946,0.9650103467307728,100,9,4,0.04519083697921872,0,Low
21.62968,72.911,299.73,0.38,0.36,2026-09-03,2046,N21,VIIRS,n,2.0NRT,278.8,0.25,N,1,0.0333333333333333,1,0.25,0.25,1,1,0.25,5.613523336795474,,,,0,0,0,0.0,0,Low
22.33877,69.8551,308.15,0.44,0.39,2026-09-03,2046,N21,VIIRS,n,2.0NRT,295.5,4.3,N,2,0.0666666666666666,2,4.3,3.28,2,2,3.28,0.3151412671865706,1.107077513642066,0.4488395786337609,0.3646885637665422,36,29,1,0.004026132548699162,0,Low
22.39963,69.01791,305.54,0.48,0.4,2026-09-03,2046,N21,VIIRS,n,2.0NRT,293.77,3.18,N,1,0.0333333333333333,1,3.18,3.18,1,1,3.18,0.1529601295467951,2.6744483815584266,,0.6272982903926071,0,1,0,0.013203981563204865,0,Low
22.41513,69.03777,309.75,0.48,0.4,2026-09-03,2046,N21,VIIRS,n,2.0NRT,293.26,3.19,N,1,0.0333333333333333,1,3.19,3.19,1,1,3.19,0.1518871623635195,4.009844163253692,,2.372956128860225,0,0,1,0.01628536664626499,0,Low
22.92464,69.82479,305.3,0.45,0.39,2026-09-03,2046,N21,VIIRS,n,2.0NRT,294.49,2.91,N,2,0.0666666666666666,2,2.91,2.325,2,2,2.325,0.3835922701435633,,,,0,0,2,0.0013484848484848486,0,Low
22.93139,69.69586,308.31,0.46,0.39,2026-09-03,2046,N21,VIIRS,n,2.0NRT,293.95,3.15,N,3,0.1,8,3.15,1.6737499999999998,3,8,1.6737499999999998,0.683694120318262,0.683694120318262,,,0,0,2,0.5766666666666667,1,Moderate
22.93436,69.70084,309.93,0.46,0.39,2026-09-03,2046,N21,VIIRS,n,2.0NRT,293.97,2.03,N,3,0.1,8,3.15,1.6737499999999998,3,8,1.6737499999999998,0.3744734194811622,0.3744734194811622,,,0,0,2,0.5766666666666667,1,Moderate
22.93496,69.69643,307.76,0.46,0.39,2026-09-03,2046,N21,VIIRS,n,2.0NRT,293.57,2.03,N,3,0.1,8,3.15,1.6737499999999998,3,8,1.6737499999999998,0.7414789667209801,0.7414789667209801,,,0,0,2,0.5766666666666667,1,Moderate
22.96819,72.55517,307.07,0.39,0.36,2026-09-03,2046,N21,VIIRS,n,2.0NRT,293.79,0.4,N,1,0.0333333333333333,1,0.4,0.4,1,1,0.4,,,,,0,0,0,0.0033333333333333335,0,Low
23.11955,70.08704,324.6,0.44,0.38,2026-09-03,2046,N21,VIIRS,n,2.0NRT,294.09,3.51,N,1,0.0333333333333333,2,4.11,3.81,1,2,3.81,1.2208319122392943,1.7867973045374408,4.9659706883160215,,0,0,3,0.0019201725997842504,0,Low
23.1201,70.08562,326.09,0.44,0.38,2026-09-03,2046,N21,VIIRS,n,2.0NRT,294.36,4.11,N,1,0.0333333333333333,2,4.11,3.81,1,2,3.81,1.100120878218572,1.8800968302040515,5.003421385561753,,0,0,3,0.0019201725997842504,0,Low
23.30512,70.47572,306.69,0.43,0.38,2026-09-03,2046,N21,VIIRS,n,2.0NRT,294.57,1.37,N,1,0.0333333333333333,1,1.37,1.37,1,1,1.37,0.2419965302907227,,,,0,0,4,0.0,0,Low
23.30852,71.92302,302.05,0.39,0.36,2026-09-03,2046,N21,VIIRS,n,2.0NRT,283.2,0.58,N,1,0.0333333333333333,1,0.58,0.58,1,1,0.58,,,,,0,0,0,0.0013484848484848486,0,Low
23.31438,70.48576,309.94,0.43,0.38,2026-09-03,2046,N21,VIIRS,n,2.0NRT,294.84,1.63,N,1,0.0333333333333333,1,1.63,1.63,1,1,1.63,0.4819135439438854,,,,0,0,4,0.0,0,Low
24.69003,73.00208,312.72,0.38,0.36,2026-09-03,2049,N21,VIIRS,n,2.0NRT,293.86,1.68,N,4,0.1333333333333333,4,1.68,1.355,4,4,1.355,0.2365642072305794,1.4303822741724006,,,0,0,2,0.3433808677880036,0,Low
21.10295,72.63681,342.12,0.38,0.43,2026-09-04,801,N21,VIIRS,n,2.0NRT,298.44,26.3,D,8,0.2666666666666666,38,26.51,5.685789473684211,6,34,5.750882352941177,1.0519479279294257,1.87318738119626,1.0870527065668747,1.8372201841172264,19,1,2,1.0,1,High
21.10447,72.64493,344.27,0.57,0.43,2026-09-04,801,N21,VIIRS,n,2.0NRT,298.24,26.51,D,8,0.2666666666666666,33,26.51,6.228181818181818,6,30,6.313999999999999,0.612321135459133,1.744180975559806,0.8294358466362403,1.6495047740500823,10,1,2,1.0,1,High
20.91005,71.45995,311.01,0.42,0.45,2026-09-04,2029,N21,VIIRS,n,2.0NRT,293.42,1.59,N,4,0.1333333333333333,4,1.67,1.39,4,4,1.39,0.2458160372611536,1.3423613571556727,,1.5484229463557446,0,2,4,0.35665218038816854,0,Low
21.10421,72.64756,332.4,0.53,0.42,2026-09-04,2029,N21,VIIRS,n,2.0NRT,293.92,8.22,N,8,0.2666666666666666,27,26.51,5.786666666666667,6,24,5.83875,0.7433744966000156,1.8668322441287817,0.9857681020886344,1.7584215102019929,9,1,1,0.9975118708452042,1,High
21.10486,72.64244,309.95,0.53,0.42,2026-09-04,2029,N21,VIIRS,n,2.0NRT,291.22,5.9,N,8,0.2666666666666666,44,26.51,5.899545454545454,6,39,5.988205128205128,0.5721942590802832,1.6459694947833146,0.7310406638912816,1.5677663486694169,9,1,2,1.0,1,High
21.10807,72.64812,317.42,0.53,0.42,2026-09-04,2029,N21,VIIRS,n,2.0NRT,292.51,3.67,N,8,0.2666666666666666,25,26.51,6.1008,6,22,6.200454545454545,0.4967711178067084,1.517212275868875,0.7330380236132262,1.3965112823394246,4,1,2,0.9975118708452042,1,High
21.43282,72.97475,306.16,0.52,0.41,2026-09-04,2029,N21,VIIRS,n,2.0NRT,291.24,2.19,N,2,0.0666666666666666,2,2.19,1.65,2,2,1.65,1.7346386175420068,,,,0,0,0,0.0031809283701616496,0,Low
22.41646,69.03892,304.38,0.62,0.54,2026-09-04,2029,N21,VIIRS,n,2.0NRT,291.66,2.29,N,2,0.0666666666666666,2,3.19,2.74,2,2,2.74,0.0499616143351875,4.127505938476595,,2.5473654641305687,0,0,1,0.026813946689465056,0,Low
22.93105,69.69788,309.78,0.57,0.52,2026-09-04,2029,N21,VIIRS,n,2.0NRT,292.98,4.33,N,4,0.1333333333333333,10,4.7,2.242,4,10,2.242,0.4782101788802355,0.4782101788802355,,,0,0,2,0.5766666666666667,1,Moderate
22.93502,69.69705,306.21,0.57,0.52,2026-09-04,2029,N21,VIIRS,n,2.0NRT,292.3,4.7,N,4,0.1333333333333333,10,4.7,2.242,4,10,2.242,0.6926609608177288,0.6926609608177288,,,0,0,2,0.5766666666666667,1,Moderate
21.09986,72.63612,301.42,0.35,0.57,2026-09-05,2010,N21,VIIRS,n,2.0NRT,286.78,0.87,N,7,0.2333333333333333,28,26.3,4.770714285714285,5,14,7.132857142857144,1.3641065232016,2.22409868667387,1.2170795930829763,2.1877686661043283,19,0,1,0.9916257324720107,1,High
21.10406,72.64688,311.77,0.35,0.57,2026-09-05,2010,N21,VIIRS,n,2.0NRT,290.06,3.22,N,9,0.3,30,26.51,5.471333333333333,6,19,6.779473684210527,0.7230660795049795,1.8543226629484189,0.9606819764650572,1.749542350670278,9,1,1,1.0,1,High
21.1044,72.64349,308.08,0.35,0.57,2026-09-05,2010,N21,VIIRS,n,2.0NRT,287.78,2.29,N,9,0.3,44,26.51,5.766590909090909,6,29,7.231724137931034,0.60791573728387,1.7152881359616132,0.7954179613701554,1.6300640654385483,10,1,2,1.0,1,High
21.10248,72.64528,336.07,0.44,0.62,2026-09-06,905,N21,VIIRS,n,2.0NRT,287.71,4.62,D,10,0.3333333333333333,42,26.51,5.612380952380952,6,26,6.776923076923077,0.836416739815317,1.96684065978146,1.049872492467076,1.873326558094612,12,1,1,1.0,1,High
21.10568,72.64432,346.09,0.44,0.62,2026-09-06,905,N21,VIIRS,n,2.0NRT,288.81,7.04,D,10,0.3333333333333333,41,26.51,5.644390243902439,6,24,7.050416666666666,0.4690257293630851,1.59734392509637,0.6811867791922093,1.5044793854733949,4,1,2,0.9980151515151514,1,High
22.49434,70.02252,334.17,0.61,0.53,2026-09-06,905,N21,VIIRS,n,2.0NRT,295.48,4.24,D,1,0.0333333333333333,1,4.24,4.24,1,1,4.24,2.317766276497323,,,,0,0,1,0.0,0,Low
23.17906,68.86296,341.75,0.52,0.5,2026-09-06,905,N21,VIIRS,n,2.0NRT,298.62,7.71,D,1,0.0333333333333333,2,9.5,8.605,1,2,8.605,,,,,0,0,0,0.0,0,Low
23.1795,68.86138,345.87,0.52,0.5,2026-09-06,905,N21,VIIRS,n,2.0NRT,298.93,9.5,D,1,0.0333333333333333,2,9.5,8.605,1,2,8.605,,,,,0,0,0,0.0,0,Low
21.10587,72.64745,308.43,0.46,0.64,2026-09-06,2131,N21,VIIRS,n,2.0NRT,284.69,1.82,N,10,0.3333333333333333,33,26.51,5.365151515151515,6,20,6.3775,0.5879778198977825,1.6952229703784545,0.8347122902912862,1.5835410234492129,4,1,2,1.0,1,High
21.10685,72.64314,298.83,0.46,0.64,2026-09-06,2131,N21,VIIRS,n,2.0NRT,284.33,1.82,N,10,0.3333333333333333,46,26.51,5.721521739130435,6,28,7.134642857142857,0.340572623973245,1.4412838370661385,0.5212937997241845,1.3552311138114788,4,1,2,1.0,1,High
22.93151,69.70107,302.36,0.55,0.51,2026-09-06,2131,N21,VIIRS,n,2.0NRT,292.14,1.36,N,5,0.1666666666666666,11,4.7,2.1618181818181816,5,11,2.1618181818181816,0.1508817208788367,0.1508817208788367,,,0,0,2,1.0,1,High
23.22736,69.83858,335.03,0.48,0.4,2026-09-07,845,N21,VIIRS,l,2.0NRT,305.42,4.47,D,1,0.0333333333333333,1,4.47,4.47,1,1,4.47,4.099485430438957,,,,0,0,0,0.0,0,Low
21.10306,72.63672,338.43,0.39,0.36,2026-09-08,826,N21,VIIRS,n,2.0NRT,304.32,18.55,D,11,0.3666666666666666,49,26.51,5.3277551020408165,6,26,7.022307692307692,1.0494944264461483,1.8629240934591984,1.0811999922899709,1.82782621782962,19,1,2,0.9980151515151514,1,High
21.10469,72.648,339.09,0.39,0.36,2026-09-08,826,N21,VIIRS,n,2.0NRT,304.87,6.1,D,11,0.3666666666666666,43,26.51,4.910930232558139,6,29,5.342068965517241,0.7257278427311163,1.8381131666764248,0.9712644045990232,1.7266189205377271,5,1,1,0.9980151515151514,1,High
21.10802,72.64745,345.05,0.39,0.36,2026-09-08,826,N21,VIIRS,n,2.0NRT,306.03,6.1,D,11,0.3666666666666666,42,26.51,4.973809523809524,6,30,5.212333333333333,0.436586416136088,1.4852325683724832,0.6772210652084089,1.3677775365076106,4,1,2,0.9966019907816025,1,High
22.6441,70.74747,345.0,0.38,0.36,2026-09-08,826,N21,VIIRS,n,2.0NRT,301.73,5.6,D,1,0.0333333333333333,1,5.6,5.6,1,1,5.6,0.1685122247938838,,,,0,0,0,0.0026969696969696972,0,Low
22.9283,70.10589,338.6,0.39,0.36,2026-09-08,826,N21,VIIRS,n,2.0NRT,308.02,8.42,D,4,0.1333333333333333,5,12.98,7.890000000000001,2,3,8.026666666666666,1.0268601837828362,,,,0,0,1,0.03496911186232674,0,Low
22.93446,69.6957,333.52,0.4,0.37,2026-09-08,826,N21,VIIRS,n,2.0NRT,300.99,2.78,D,6,0.2,12,4.7,2.2133333333333334,5,11,2.3045454545454542,0.7795236708853431,0.7795236708853431,,,0,0,2,0.9975118708452042,1,High
23.02547,71.60612,335.77,0.39,0.36,2026-09-08,826,N21,VIIRS,n,2.0NRT,300.71,5.45,D,1,0.0333333333333333,1,5.45,5.45,1,1,5.45,,,,,0,0,0,0.0,0,Low
23.04588,70.13788,338.51,0.39,0.36,2026-09-08,826,N21,VIIRS,n,2.0NRT,301.42,13.02,D,1,0.0333333333333333,1,13.02,13.02,1,1,13.02,0.4336683370845992,,,,0,0,1,0.0,0,Low
23.32236,73.02036,333.37,0.41,0.37,2026-09-08,826,N21,VIIRS,n,2.0NRT,298.97,4.23,D,1,0.0333333333333333,1,4.23,4.23,1,1,4.23,,,,,0,0,0,0.0,0,Low
24.96146,68.29283,337.08,0.42,0.37,2026-09-08,828,N21,VIIRS,l,2.0NRT,307.58,5.38,D,1,0.0333333333333333,1,5.38,5.38,1,1,5.38,,,,,0,0,0,0.0,0,Low
21.83302,72.65292,319.91,0.4,0.37,2026-09-08,2053,N21,VIIRS,n,2.0NRT,294.46,2.09,N,1,0.0333333333333333,1,2.09,2.09,1,1,2.09,,,,,0,0,0,0.0033333333333333335,0,Low
23.25705,70.26215,310.22,0.39,0.36,2026-09-08,2053,N21,VIIRS,n,2.0NRT,294.01,2.15,N,1,0.0333333333333333,1,2.15,2.15,1,1,2.15,0.7539042198513823,,,,0,0,0,0.0,0,Low
23.31549,70.48596,312.78,0.39,0.36,2026-09-08,2053,N21,VIIRS,n,2.0NRT,295.94,1.86,N,2,0.0666666666666666,2,1.86,1.745,2,2,1.745,0.4308805503182765,,,,0,0,4,0.0,0,Low
23.42921,68.7126,305.09,0.44,0.38,2026-09-08,2053,N21,VIIRS,n,2.0NRT,293.48,1.97,N,1,0.0333333333333333,1,1.97,1.97,1,1,1.97,0.1646749026952639,0.1646749026952639,,0.2434857457620841,0,2,0,0.005462346475291459,0,Low
24.82075,73.09358,313.84,0.39,0.37,2026-09-08,2053,N21,VIIRS,n,2.0NRT,296.53,1.32,N,1,0.0333333333333333,1,1.32,1.32,1,1,1.32,0.3992381091640292,0.6986504216952969,,0.6991479164137379,0,1,1,0.0056392327000902385,0,Low
20.91085,71.46191,307.85,0.39,0.36,2026-09-08,2055,N21,VIIRS,n,2.0NRT,295.65,0.81,N,5,0.1666666666666666,6,1.67,1.1966666666666663,4,5,1.1940000000000002,0.2797828895373207,1.3590074755826818,,1.5131821548892843,0,2,4,0.95,1,High
20.91144,71.45822,306.58,0.39,0.36,2026-09-08,2055,N21,VIIRS,n,2.0NRT,295.57,0.81,N,5,0.1666666666666666,6,1.67,1.1966666666666663,4,5,1.1940000000000002,0.4813744312465453,1.5411844742437313,,1.780578797474723,0,2,4,0.9483786942745602,1,High
21.10085,72.6372,306.97,0.41,0.37,2026-09-08,2055,N21,VIIRS,n,2.0NRT,291.08,2.33,N,10,0.3333333333333333,44,26.51,5.267272727272726,6,23,7.125217391304346,1.2097991141278033,2.0968572025121084,1.2782880161643209,2.054976315490707,19,0,1,1.0,1,High
21.10228,72.64941,308.29,0.41,0.37,2026-09-08,2055,N21,VIIRS,n,2.0NRT,290.33,3.13,N,11,0.3666666666666666,41,26.51,5.08560975609756,6,29,5.342068965517241,1.0284067320125654,2.1432008128354174,1.2723375012008018,2.030909239631398,11,0,0,0.9946818181818181,1,High
21.10292,72.64555,316.94,0.41,0.37,2026-09-08,2055,N21,VIIRS,n,2.0NRT,290.84,3.13,N,11,0.3666666666666666,53,26.51,5.451132075471697,6,37,6.081891891891891,0.7946278331795978,1.927752724618152,1.0133845956360463,1.832076468449373,12,1,1,1.0,1,High
21.10357,72.64169,307.13,0.41,0.37,2026-09-08,2055,N21,VIIRS,n,2.0NRT,291.43,1.45,N,11,0.3666666666666666,63,26.51,5.345079365079363,6,40,6.247,0.7310871467477398,1.7793229900564904,0.8740181799438519,1.707454206979216,18,1,2,1.0,1,High
21.105,72.65392,307.63,0.41,0.37,2026-09-08,2055,N21,VIIRS,n,2.0NRT,295.67,3.04,N,11,0.3666666666666666,32,26.51,5.7821875,6,24,5.917083333333333,0.5977861262889604,0.5977861262889604,0.6593116942440919,0.597770276033123,1,12,4,0.9966666666666667,1,High
21.10565,72.65005,311.3,0.41,0.37,2026-09-08,2055,N21,VIIRS,n,2.0NRT,292.86,3.13,N,11,0.3666666666666666,40,26.51,5.1530000000000005,6,29,5.342068965517241,0.7779098988795317,0.7779098988795317,0.7161889010342719,0.674454398740715,1,12,4,0.9966666666666667,1,High
21.10629,72.64619,338.63,0.41,0.37,2026-09-08,2055,N21,VIIRS,n,2.0NRT,294.58,3.13,N,11,0.3666666666666666,45,26.51,4.788444444444444,6,31,5.136451612903224,0.4719467793186115,1.597896454798751,0.715206846266926,1.4918854702911326,4,1,2,0.9966666666666667,1,High
21.10694,72.64233,308.96,0.41,0.37,2026-09-08,2055,N21,VIIRS,n,2.0NRT,291.91,1.45,N,11,0.3666666666666666,59,26.51,5.469830508474576,6,40,6.31375,0.3560758198358196,1.415642621369261,0.4994848699935086,1.3362734573766029,4,1,2,1.0,1,High
21.10758,72.63847,308.96,0.41,0.37,2026-09-08,2055,N21,VIIRS,n,2.0NRT,294.62,1.45,N,11,0.3666666666666666,55,26.51,5.366909090909089,6,32,6.546875,0.6020935958262396,1.3374797557484055,0.5652467016288651,1.295926008076618,11,1,2,1.0,1,High
21.10966,72.64683,308.17,0.41,0.37,2026-09-08,2055,N21,VIIRS,n,2.0NRT,295.71,3.46,N,11,0.3666666666666666,41,26.51,5.0512195121951216,6,29,5.329999999999999,0.3220066901544071,1.296135390388506,0.5345524757659326,1.1766870738508828,4,1,2,0.9966666666666667,1,High
21.10098,72.63618,341.29,0.47,0.4,2026-09-09,807,N21,VIIRS,n,2.0NRT,302.17,18.08,D,10,0.3333333333333333,42,26.51,5.83595238095238,6,21,8.012857142857142,1.2607426056794009,2.100674768752902,1.2798244322584784,2.0657173725934395,19,0,1,1.0,1,High
21.10459,72.63547,341.13,0.47,0.4,2026-09-09,807,N21,VIIRS,n,2.0NRT,301.83,18.08,D,11,0.3666666666666666,45,26.51,6.18511111111111,6,22,8.70772727272727,1.0385080796848445,1.7280219068066167,1.0204537075191191,1.7061463893743618,11,1,2,1.0,1,High
21.10615,72.64445,339.46,0.47,0.4,2026-09-09,807,N21,VIIRS,l,2.0NRT,304.57,22.9,D,12,0.4,54,26.51,5.921111111111109,6,34,6.97764705882353,0.4194397427143403,1.5509376578590586,0.6376233106052526,1.456294192859719,4,1,2,0.9980151515151514,1,High
22.78133,69.45798,343.61,0.44,0.46,2026-09-09,807,N21,VIIRS,n,2.0NRT,299.06,6.85,D,1,0.0333333333333333,1,6.85,6.85,1,1,6.85,7.567558960836527,7.567558960836527,,8.184041609761385,0,0,0,0.017237738587366987,0,Low
22.92812,70.10755,339.98,0.4,0.44,2026-09-09,807,N21,VIIRS,n,2.0NRT,304.08,7.38,D,5,0.1666666666666666,6,12.98,7.805000000000001,3,4,7.864999999999999,1.048730351570314,,,,0,0,1,0.9122246077106867,1,High
23.04061,69.77237,330.06,0.42,0.45,2026-09-09,807,N21,VIIRS,l,2.0NRT,302.82,3.61,D,1,0.0333333333333333,1,3.61,3.61,1,1,3.61,,,,,0,0,0,0.0,0,Low
23.0556,69.65101,341.33,0.43,0.46,2026-09-09,807,N21,VIIRS,n,2.0NRT,301.22,5.63,D,1,0.0333333333333333,1,5.63,5.63,1,1,5.63,,,,,0,0,0,0.0,0,Low
24.82092,73.09148,308.04,0.47,0.39,2026-09-09,2034,N21,VIIRS,n,2.0NRT,297.03,1.51,N,2,0.0666666666666666,2,1.51,1.415,2,2,1.415,0.302244600346922,0.6161802530915874,,0.6032369610711231,0,1,1,0.007471676221767038,0,Low
20.91109,71.4589,315.52,0.51,0.41,2026-09-09,2036,N21,VIIRS,n,2.0NRT,294.87,2.43,N,6,0.2,7,2.43,1.3728571428571428,4,5,1.4620000000000002,0.4046481742855193,1.4933143542743743,,1.7064540919497306,0,2,4,0.9863938457897117,1,High
21.69824,72.54119,309.48,0.46,0.39,2026-09-09,2036,N21,VIIRS,n,2.0NRT,294.41,0.34,N,1,0.0333333333333333,1,0.34,0.34,1,1,0.34,0.5165793639313689,,0.244176192775884,,31,0,3,0.004681818181818182,0,Low
22.33609,69.86825,306.67,0.43,0.46,2026-09-09,2036,N21,VIIRS,n,2.0NRT,295.83,3.88,N,2,0.0666666666666666,2,3.88,3.63,1,1,3.88,0.1881347580576892,1.407246382880532,0.3808143019431345,0.8379278113064285,52,38,3,0.002193689027022361,0,Low
22.33755,69.85572,307.43,0.43,0.46,2026-09-09,2036,N21,VIIRS,n,2.0NRT,296.21,3.92,N,3,0.1,3,4.3,3.4933333333333336,2,2,4.109999999999999,0.1671784223397196,0.963309106627908,0.2989883773431563,0.4661990836452831,39,32,1,0.008805674791753811,0,Low
22.4166,69.04057,311.53,0.49,0.48,2026-09-09,2036,N21,VIIRS,n,2.0NRT,293.83,3.8,N,3,0.1,3,3.8,3.0933333333333337,3,3,3.0933333333333337,0.1838158177490762,4.297340014402854,,2.7037756256117724,0,0,1,0.2579829079756605,0,Low
22.9316,69.70322,306.17,0.45,0.47,2026-09-09,2036,N21,VIIRS,n,2.0NRT,294.01,1.18,N,7,0.2333333333333333,15,4.7,2.0826666666666664,5,10,2.506,0.0743053577658366,0.0743053577658366,,,0,0,2,1.0,1,High
22.93211,69.69884,313.33,0.45,0.47,2026-09-09,2036,N21,VIIRS,n,2.0NRT,294.1,1.75,N,7,0.2333333333333333,15,4.7,2.0826666666666664,5,10,2.506,0.3872049121208996,0.3872049121208996,,,0,0,2,1.0,1,High
22.93262,69.69446,306.52,0.45,0.47,2026-09-09,2036,N21,VIIRS,n,2.0NRT,293.4,1.75,N,7,0.2333333333333333,15,4.7,2.0826666666666664,5,10,2.506,0.8385377873427537,0.8385377873427537,,,0,0,2,1.0,1,High
23.31435,70.48582,308.67,0.41,0.45,2026-09-09,2036,N21,VIIRS,n,2.0NRT,294.72,1.72,N,3,0.1,3,1.86,1.7366666666666666,3,3,1.7366666666666666,0.4774822125184107,,,,0,0,4,0.24058013210450208,0,Low
24.44698,72.75267,306.87,0.48,0.4,2026-09-09,2036,N21,VIIRS,n,2.0NRT,294.19,1.14,N,1,0.0333333333333333,1,1.14,1.14,1,1,1.14,0.6106962050536849,,,,0,0,0,0.0,0,Low
21.10014,72.63404,336.61,0.6,0.53,2026-09-10,748,N21,VIIRS,n,2.0NRT,298.34,36.33,D,10,0.3333333333333333,34,36.33,6.928235294117648,5,10,13.734,1.3420345817153234,2.2445881048115046,1.0411671412002348,2.221640891228141,19,0,1,0.9980151515151514,1,High
21.10247,72.64529,342.82,0.6,0.53,2026-09-10,748,N21,VIIRS,n,2.0NRT,295.75,9.05,D,13,0.4333333333333333,61,26.51,6.080819672131147,6,31,7.338387096774195,0.8377074089620052,1.968192200330205,1.0512584585175713,1.8746380471330888,12,1,1,1.0,1,High
21.10725,72.6442,331.63,0.6,0.53,2026-09-10,748,N21,VIIRS,n,2.0NRT,298.17,9.05,D,13,0.4333333333333333,57,26.51,6.185964912280701,6,28,7.901785714285716,0.294490522179099,1.426375423090232,0.5155183286203942,1.3312744561845962,4,1,2,1.0,1,High
23.22733,69.83443,353.5,0.41,0.61,2026-09-10,750,N21,VIIRS,n,2.0NRT,299.98,6.36,D,2,0.0666666666666666,3,6.36,5.73,2,3,5.73,3.685959990627136,,,,0,0,0,0.02378193310134545,0,Low
23.22823,69.83833,335.21,0.41,0.61,2026-09-10,750,N21,VIIRS,n,2.0NRT,298.63,6.36,D,2,0.0666666666666666,3,6.36,5.73,2,3,5.73,4.055874504781228,,,,0,0,0,0.02378193310134545,0,Low
22.93333,69.69787,307.85,0.46,0.63,2026-09-10,2017,N21,VIIRS,n,2.0NRT,292.78,2.41,N,8,0.2666666666666666,18,4.7,2.089444444444444,5,10,2.422,0.5249047111854789,0.5249047111854789,,,0,0,2,0.9975118708452042,1,High
23.32822,70.2144,303.81,0.43,0.62,2026-09-10,2017,N21,VIIRS,n,2.0NRT,292.08,0.77,N,1,0.0333333333333333,1,0.77,0.77,1,1,0.77,2.358566460691301,,,,0,0,2,0.0,0,Low
20.73184,70.91271,310.91,0.36,0.57,2026-09-10,2019,N21,VIIRS,n,2.0NRT,291.29,1.42,N,1,0.0333333333333333,2,1.42,1.415,1,2,1.415,4.563239815711458,,,,0,0,0,0.0,0,Low
20.73192,70.91265,311.32,0.36,0.57,2026-09-10,2019,N21,VIIRS,n,2.0NRT,291.44,1.41,N,1,0.0333333333333333,2,1.42,1.415,1,2,1.415,4.562148407143129,,,,0,0,0,0.0,0,Low
20.91126,71.4586,299.5,0.33,0.55,2026-09-10,2019,N21,VIIRS,n,2.0NRT,274.83,0.84,N,7,0.2333333333333333,8,2.43,1.30625,4,5,1.296,0.4395920107342749,1.524106145866682,,1.7404528612061394,0,2,4,0.992215308277841,1,High
21.10214,72.64581,318.94,0.56,0.51,2026-09-10,2019,N21,VIIRS,n,2.0NRT,292.62,9.84,N,13,0.4333333333333333,58,26.51,6.027413793103448,6,29,7.191034482758623,0.8852999423464111,2.018580131266404,1.1040298137951678,1.922744497472041,12,1,0,0.9980151515151514,1,High
21.10329,72.63512,343.31,0.56,0.51,2026-09-10,2019,N21,VIIRS,n,2.0NRT,293.5,13.9,N,11,0.3666666666666666,43,36.33,6.195813953488371,6,15,10.389333333333331,1.1543213918473816,1.8769651930396336,1.1544196437126424,1.854219339062802,19,1,2,1.0,1,High
21.10685,72.64638,341.61,0.56,0.51,2026-09-10,2019,N21,VIIRS,n,2.0NRT,294.57,9.84,N,13,0.4333333333333333,50,26.51,5.523199999999999,6,26,6.206153846153847,0.4330980728053602,1.548947982361497,0.6794712726872316,1.4404424262037383,4,1,2,1.0,1,High
21.11273,72.63628,308.44,0.56,0.51,2026-09-10,2019,N21,VIIRS,n,2.0NRT,293.3,4.49,N,7,0.2333333333333333,16,18.08,3.66625,4,5,5.458,0.8363261552924002,0.8534258233484256,0.6145042109911809,0.8659845979943311,4,1,2,0.9927007008932575,1,High
22.93134,69.69849,304.45,0.69,0.74,2026-09-10,2157,N21,VIIRS,n,2.0NRT,291.68,1.88,N,8,0.2666666666666666,18,4.7,2.089444444444444,5,10,2.422,0.4143808889592398,0.4143808889592398,,,0,0,2,1.0,1,High
22.93361,69.70084,302.36,0.69,0.74,2026-09-10,2157,N21,VIIRS,n,2.0NRT,291.72,2.08,N,8,0.2666666666666666,18,4.7,2.089444444444444,5,10,2.422,0.303071028562981,0.303071028562981,,,0,0,2,1.0,1,High
23.0551,69.99067,302.86,0.71,0.75,2026-09-10,2157,N21,VIIRS,n,2.0NRT,291.71,1.78,N,1,0.0333333333333333,1,1.78,1.78,1,1,1.78,7.207186390737429,,,,0,0,0,0.0,0,Low
21.09986,72.63593,367.0,0.6,0.71,2026-09-11,731,N21,VIIRS,h,2.0NRT,292.5,16.4,D,11,0.3666666666666666,42,36.33,6.816428571428572,5,16,9.741875,1.375611968476447,2.2278806600572407,1.1992218639455856,2.192733168773332,19,0,1,1.0,1,High
21.10254,72.64712,332.28,0.6,0.71,2026-09-11,731,N21,VIIRS,n,2.0NRT,291.89,16.69,D,14,0.4666666666666667,55,26.51,5.819090909090909,6,28,5.8125,0.8867710251662791,2.0206684290697443,1.1197758920432637,1.9176323494871792,12,1,0,0.9980151515151514,1,High
21.10432,72.6347,328.58,0.55,0.68,2026-09-11,909,N21,VIIRS,n,2.0NRT,289.42,9.4,D,12,0.4,47,36.33,6.300212765957447,6,18,8.834444444444443,1.1215718908709835,1.7805519469045763,1.0968340634429872,1.7638694909704085,11,1,2,1.0,1,High
21.1052,72.64534,331.35,0.56,0.68,2026-09-11,909,N21,VIIRS,n,2.0NRT,290.15,9.33,D,14,0.4666666666666667,62,26.51,6.060161290322581,6,31,5.970322580645162,0.5445645551924444,1.6796917838972136,0.7722504187157531,1.581145490243795,6,1,2,1.0,1,High
22.93165,69.69714,335.59,0.37,0.58,2026-09-11,909,N21,VIIRS,n,2.0NRT,300.53,4.55,D,9,0.3,21,4.7,2.097619047619048,5,11,1.9663636363636363,0.5534466278386729,0.5534466278386729,,,0,0,2,1.0,1,High
23.40523,71.8103,332.64,0.52,0.67,2026-09-11,909,N21,VIIRS,n,2.0NRT,292.92,7.8,D,1,0.0333333333333333,1,7.8,7.8,1,1,7.8,,,,,0,0,0,0.0,0,Low
24.35433,69.38046,331.47,0.37,0.58,2026-09-11,909,N21,VIIRS,n,2.0NRT,300.44,1.42,D,1,0.0333333333333333,1,1.42,1.42,1,1,1.42,,,,,0,0,0,0.0,0,Low
21.10294,72.64367,335.0,0.57,0.69,2026-09-11,1957,N21,VIIRS,n,2.0NRT,279.99,5.81,N,14,0.4666666666666667,76,26.51,6.632236842105264,6,36,7.188055555555555,0.7697638566543502,1.8781083443659363,0.9584389636823606,1.7934413654907917,12,1,2,1.0,1,High
21.10339,72.63818,302.27,0.57,0.69,2026-09-11,1957,N21,VIIRS,n,2.0NRT,279.23,3.16,N,14,0.4666666666666667,74,36.33,7.1016216216216215,6,31,8.799677419354841,0.921865571118244,1.803611992154451,0.9787673478106234,1.757988005229407,19,1,2,1.0,1,High
21.10385,72.63268,302.78,0.57,0.69,2026-09-11,1957,N21,VIIRS,n,2.0NRT,279.84,3.16,N,11,0.3666666666666666,39,36.33,6.939230769230769,5,13,11.012307692307692,1.3272913211060846,1.9052849037988973,1.07314309851808,1.9016796329111725,11,1,2,1.0,1,High
21.10931,72.64422,302.54,0.57,0.69,2026-09-11,1957,N21,VIIRS,n,2.0NRT,280.23,5.81,N,14,0.4666666666666667,59,26.51,5.673220338983051,6,29,5.712068965517242,0.0795034097010047,1.210124414585029,0.3264293428144583,1.1096870702572952,4,1,2,1.0,1,High
21.16521,72.6657,336.35,0.57,0.69,2026-09-11,1957,N21,VIIRS,n,2.0NRT,281.14,8.02,N,3,0.1,10,8.96,6.347999999999999,1,7,7.242857142857142,0.3923816755575415,0.3923816755575415,0.6739617652552576,0.4592135856048266,100,5,5,0.37415340738413727,0,Low
21.16739,72.67079,304.39,0.57,0.69,2026-09-11,1957,N21,VIIRS,n,2.0NRT,280.95,5.82,N,3,0.1,10,8.96,6.347999999999999,1,7,7.242857142857142,0.3572285025181613,0.8446561911137703,0.3793135515863342,1.0077183381574952,100,9,4,0.3708200740508039,0,Low
21.16783,72.66529,338.24,0.57,0.69,2026-09-11,1957,N21,VIIRS,n,2.0NRT,281.21,8.96,N,3,0.1,9,8.96,6.26111111111111,1,6,7.261666666666667,0.4054798070934206,0.4054798070934206,0.8504526076569524,0.445518241939918,100,5,5,0.3708200740508039,0,Low
20.90911,71.45748,302.22,0.49,0.65,2026-09-11,2138,N21,VIIRS,n,2.0NRT,285.49,1.27,N,8,0.2666666666666666,9,2.43,1.3022222222222222,4,5,1.232,0.4239388456341722,1.3794272097344968,,1.640531201546547,0,2,4,1.0,1,High
21.1023,72.64445,325.85,0.58,0.7,2026-09-11,2138,N21,VIIRS,n,2.0NRT,275.78,4.61,N,14,0.4666666666666667,71,26.51,6.581408450704226,6,35,7.124857142857143,0.8441798603236079,1.964764765589026,1.0449446236699038,1.8761758492941247,12,1,1,1.0,1,High
21.10851,72.64623,300.23,0.58,0.7,2026-09-11,2138,N21,VIIRS,n,2.0NRT,275.96,1.73,N,14,0.4666666666666667,55,26.51,5.777272727272727,6,28,5.751428571428571,0.2994746295076471,1.376178501555543,0.5424254337667435,1.2638720775444818,4,1,2,1.0,1,High
21.16195,72.67301,331.97,0.58,0.7,2026-09-11,2138,N21,VIIRS,n,2.0NRT,275.71,7.13,N,3,0.1,9,8.02,6.057777777777777,1,6,6.956666666666666,0.6852831304310028,0.7456227038649608,0.0142832485800093,1.2669882109677584,100,7,4,0.3674867407174706,0,Low
21.16321,72.66759,306.16,0.58,0.7,2026-09-11,2138,N21,VIIRS,n,2.0NRT,276.2,5.75,N,3,0.1,10,8.96,6.347999999999999,1,7,7.242857142857142,0.5457972825306248,0.6526964021612466,0.4079456156980391,0.6883284526499448,100,5,4,0.3721685588992888,0,Low
21.16448,72.67401,335.15,0.58,0.7,2026-09-11,2138,N21,VIIRS,n,2.0NRT,276.94,7.51,N,3,0.1,10,8.96,6.347999999999999,1,7,7.242857142857142,0.4934770562005602,0.5213395784775813,0.0492355214475543,1.3237335384658573,100,15,5,0.3708200740508039,0,Low
21.16577,72.6686,324.7,0.58,0.7,2026-09-11,2138,N21,VIIRS,n,2.0NRT,276.16,7.51,N,3,0.1,10,8.96,6.347999999999999,1,7,7.242857142857142,0.644605649841827,0.6860444809574291,0.4446272776500648,0.761990902050966,100,5,5,0.37415340738413727,0,Low
22.3335,69.86754,305.97,0.37,0.58,2026-09-11,2138,N21,VIIRS,n,2.0NRT,288.91,1.92,N,3,0.1,4,3.88,2.7825,2,3,2.583333333333333,0.3784282867045335,1.161060121280316,0.6218085885488486,0.8126310863045338,49,38,3,0.036840148303660704,0,Low
22.33359,69.86769,305.68,0.37,0.58,2026-09-11,2138,N21,VIIRS,n,2.0NRT,288.86,1.95,N,3,0.1,4,3.88,2.7825,2,3,2.583333333333333,0.3731895500023767,1.1719707541168702,0.6041559285922041,0.8071190288603555,49,38,3,0.036840148303660704,0,Low
22.93052,69.69683,309.17,0.35,0.56,2026-09-11,2138,N21,VIIRS,n,2.0NRT,290.64,0.79,N,9,0.3,21,4.7,2.097619047619048,5,11,1.9663636363636363,0.5920692293171393,0.5920692293171393,,,0,0,2,1.0,1,High
22.93487,69.70141,303.23,0.35,0.56,2026-09-11,2138,N21,VIIRS,n,2.0NRT,289.85,1.1,N,9,0.3,21,4.7,2.097619047619048,5,11,1.9663636363636363,0.4052181130002225,0.4052181130002225,,,0,0,1,0.9971506253398585,1,High
23.11865,70.08547,318.92,0.36,0.58,2026-09-11,2138,N21,VIIRS,n,2.0NRT,288.45,2.13,N,2,0.0666666666666666,3,4.11,3.25,1,1,2.13,1.0416243779468737,1.7297185208279235,4.841657030267266,,0,0,3,0.003934338064517136,0,Low
23.31297,70.1991,305.38,0.37,0.58,2026-09-11,2138,N21,VIIRS,n,2.0NRT,294.24,0.85,N,1,0.0333333333333333,1,0.85,0.85,1,1,0.85,4.520081640705912,,,,0,0,3,0.0,0,Low
24.68875,73.00188,303.27,0.51,0.66,2026-09-11,2138,N21,VIIRS,n,2.0NRT,286.3,1.46,N,5,0.1666666666666666,5,1.68,1.376,1,1,1.46,0.3793566693769807,1.5737130034827418,,,0,0,2,0.42280918003670426,0,Moderate
22.85335,69.71429,334.46,0.56,0.43,2026-09-12,852,N21,VIIRS,n,2.0NRT,298.41,3.25,D,1,0.0333333333333333,1,3.25,3.25,1,1,3.25,1.613476025595045,8.75929598317088,,,0,0,0,0.0033333333333333335,0,Low
23.05704,69.18311,336.55,0.53,0.42,2026-09-12,852,N21,VIIRS,n,2.0NRT,300.52,3.99,D,1,0.0333333333333333,1,3.99,3.99,1,1,3.99,,,,,0,0,0,0.0,0,Low
23.2305,69.8563,337.99,0.39,0.44,2026-09-12,852,N21,VIIRS,n,2.0NRT,302.25,7.15,D,1,0.0333333333333333,1,7.15,7.15,1,1,7.15,1.9547211137902032,,,,0,0,0,0.0,0,Low
23.70831,68.89656,338.83,0.52,0.42,2026-09-12,852,N21,VIIRS,n,2.0NRT,305.09,6.33,D,1,0.0333333333333333,2,6.33,5.79,1,2,5.79,,,,,0,0,1,0.0,0,Low
23.7121,68.89597,338.73,0.52,0.42,2026-09-12,852,N21,VIIRS,n,2.0NRT,305.82,5.25,D,1,0.0333333333333333,2,6.33,5.79,1,2,5.79,,,,,0,0,1,0.0,0,Low
24.82654,68.06606,342.1,0.49,0.4,2026-09-12,852,N21,VIIRS,n,2.0NRT,311.04,15.75,D,1,0.0333333333333333,1,15.75,15.75,1,1,15.75,,,,,0,0,0,0.008795679808624793,0,Low
24.83513,68.07449,348.36,0.49,0.4,2026-09-12,852,N21,VIIRS,n,2.0NRT,315.85,12.79,D,1,0.0333333333333333,1,12.79,12.79,1,1,12.79,,,,,0,0,0,0.0,0,Low
23.12085,70.08622,344.08,0.39,0.36,2026-09-13,833,N21,VIIRS,n,2.0NRT,299.37,4.83,D,3,0.1,4,4.83,3.645,2,2,3.48,1.107273188230448,1.945863529618964,5.094959293550199,,0,0,3,0.004506025815816539,0,Low
23.92739,71.50553,335.21,0.42,0.38,2026-09-13,833,N21,VIIRS,n,2.0NRT,298.9,3.85,D,1,0.0333333333333333,1,3.85,3.85,1,1,3.85,,1.695126204207552,,,0,0,2,0.0,0,Low
24.82068,69.28185,334.57,0.38,0.36,2026-09-13,835,N21,VIIRS,n,2.0NRT,299.96,2.19,D,1,0.0333333333333333,1,2.19,2.19,1,1,2.19,,,,,0,0,0,0.0,0,Low
22.92599,69.82516,304.23,0.38,0.36,2026-09-13,2059,N21,VIIRS,n,2.0NRT,283.69,0.47,N,3,0.1,3,2.91,1.7066666666666668,1,1,0.47,0.2839272127366817,,,,0,0,2,0.003934338064517136,0,Low
22.91131,69.69718,313.18,0.38,0.36,2026-09-13,2101,N21,VIIRS,n,2.0NRT,273.92,1.29,N,1,0.0333333333333333,1,1.29,1.29,1,1,1.29,2.297733963815641,2.297733963815641,,,0,0,2,0.0033333333333333335,0,Low
22.93136,69.70407,296.7,0.38,0.36,2026-09-13,2101,N21,VIIRS,n,2.0NRT,270.8,0.41,N,10,0.3333333333333333,24,4.7,1.9025,5,13,1.6830769230769234,0.1570832458464064,0.1570832458464064,,,0,0,2,0.996030303030303,1,High
22.93194,69.70036,298.33,0.38,0.36,2026-09-13,2101,N21,VIIRS,n,2.0NRT,268.87,0.6,N,10,0.3333333333333333,24,4.7,1.9025,5,13,1.6830769230769234,0.2314995034635369,0.2314995034635369,,,0,0,2,1.0,1,High
22.93252,69.69664,304.4,0.38,0.36,2026-09-13,2101,N21,VIIRS,n,2.0NRT,266.81,0.6,N,10,0.3333333333333333,24,4.7,1.9025,5,13,1.6830769230769234,0.617054780272707,0.617054780272707,,,0,0,2,1.0,1,High
24.80513,68.06436,335.76,0.4,0.44,2026-09-14,813,N21,VIIRS,n,2.0NRT,299.26,2.89,D,1,0.0333333333333333,1,2.89,2.89,1,1,2.89,,,,,0,0,0,0.0,0,Low
23.10709,70.18809,302.97,0.33,0.56,2026-09-15,2021,N21,VIIRS,n,2.0NRT,287.06,0.74,N,1,0.0333333333333333,1,0.74,0.74,1,1,0.74,0.0712087271960305,,,,0,0,2,0.006810831323776308,0,Low
21.10093,72.63773,333.3,0.48,0.65,2026-09-16,735,N21,VIIRS,n,2.0NRT,288.09,10.36,D,15,0.5,71,36.33,7.515492957746478,3,21,10.419999999999998,1.1723315159259509,2.0807304034277205,1.249416053381078,2.035440335516252,19,0,1,0.9955270223603558,1,High
21.10293,72.64663,351.22,0.48,0.64,2026-09-16,735,N21,VIIRS,n,2.0NRT,288.4,9.72,D,15,0.5,69,26.51,6.037101449275364,3,22,7.990454545454543,0.8273415873318662,1.9622331027634308,1.0578627572457775,1.8608789284942029,12,1,1,1.0,1,High
21.10809,72.6454,327.86,0.48,0.64,2026-09-16,735,N21,VIIRS,n,2.0NRT,288.41,5.98,D,15,0.5,67,26.51,6.027014925373135,3,21,7.877619047619047,0.2621631199280944,1.381645665583788,0.5090847281525313,1.275862466182432,4,1,2,1.0,1,High
21.10353,72.63415,331.29,0.7,0.75,2026-09-16,915,N21,VIIRS,n,2.0NRT,285.73,20.71,D,12,0.4,52,36.33,6.707692307692308,3,14,10.511428571428567,1.2182376292821997,1.882136906383132,1.191854593992431,1.8671111617678444,18,1,2,1.0,1,High
21.10406,72.63354,330.31,0.71,0.75,2026-09-16,915,N21,VIIRS,n,2.0NRT,285.69,9.4,D,12,0.4,48,36.33,6.962500000000001,3,12,11.348333333333333,1.2387078229510151,1.8491056974743847,1.1622471103012073,1.8401845339791087,11,1,2,0.998349086326402,1,High
21.10458,72.64769,332.4,0.71,0.75,2026-09-16,915,N21,VIIRS,n,2.0NRT,285.82,10.05,D,15,0.5,65,26.51,6.146153846153847,3,21,7.877619047619047,0.7165673774175345,1.8351373323189188,0.96076310205338,1.7253121219583054,8,1,1,1.0,1,High
21.10502,72.64709,333.5,0.71,0.75,2026-09-16,915,N21,VIIRS,n,2.0NRT,285.94,21.6,D,15,0.5,67,26.51,6.027014925373135,3,21,7.877619047619047,0.6412243388749388,1.7646904106773291,0.884229464554676,1.6567947119892277,4,1,1,1.0,1,High
21.1031,72.64552,349.0,0.45,0.63,2026-09-16,2004,N21,VIIRS,n,2.0NRT,287.88,5.78,N,15,0.5,77,26.51,6.567272727272727,3,22,7.990454545454543,0.7744475806972021,1.9077001720766111,0.9935989584645276,1.8118969607872888,12,1,1,1.0,1,High
21.10351,72.64121,305.27,0.45,0.63,2026-09-16,2004,N21,VIIRS,n,2.0NRT,287.29,5.78,N,15,0.5,97,36.33,7.089381443298969,3,30,9.583333333333336,0.753297944668491,1.7821829388395345,0.8841150754808511,1.7138031955250383,18,1,2,1.0,1,High
21.10384,72.64803,315.2,0.45,0.63,2026-09-16,2004,N21,VIIRS,n,2.0NRT,288.0,7.6,N,15,0.5,63,26.51,6.2700000000000005,3,20,8.113499999999998,0.8044252986220706,1.924607623276102,1.0477051026105122,1.814829287520864,9,1,1,1.0,1,High
21.10422,72.64373,342.27,0.45,0.63,2026-09-16,2004,N21,VIIRS,n,2.0NRT,288.06,5.17,N,15,0.5,88,26.51,6.940681818181818,3,26,9.084615384615384,0.6274063532341845,1.740047174040506,0.820050580024295,1.6534377532576598,11,1,2,1.0,1,High
21.1046,72.63942,303.53,0.45,0.63,2026-09-16,2004,N21,VIIRS,n,2.0NRT,287.36,5.17,N,15,0.5,97,36.33,7.090515463917526,3,31,9.41903225806452,0.7366231783293099,1.6592327095932229,0.8058210427870799,1.6049941471935123,19,1,2,1.0,1,High
21.10888,72.64607,313.11,0.45,0.63,2026-09-16,2004,N21,VIIRS,n,2.0NRT,288.02,3.66,N,15,0.5,64,26.51,6.194687500000001,3,20,8.113499999999998,0.2658615787073722,1.332013693348714,0.5050680437370055,1.2195278852179416,4,1,2,1.0,1,High
21.11076,72.63569,304.28,0.45,0.63,2026-09-16,2004,N21,VIIRS,n,2.0NRT,287.98,2.41,N,12,0.4,36,26.3,6.577222222222222,3,12,7.703333333333334,0.8403104210160183,1.0766778950287967,0.6624159596051444,1.0805560138125645,8,1,2,0.9985868392664509,1,High
21.27078,72.86748,312.73,0.44,0.62,2026-09-16,2004,N21,VIIRS,n,2.0NRT,287.61,1.94,N,1,0.0333333333333333,1,1.94,1.94,1,1,1.94,,,,,0,0,0,0.0,0,Low
22.338,69.85641,302.93,0.46,0.64,2026-09-16,2144,N21,VIIRS,n,2.0NRT,287.4,2.58,N,4,0.1333333333333333,4,4.3,3.265,1,1,2.58,0.1847549764138438,1.006575043328731,0.327896615136697,0.3979454191751742,39,32,1,0.008805674791753811,0,Low
21.10415,72.64495,367.0,0.34,0.56,2026-09-17,858,N21,VIIRS,h,2.0NRT,294.08,13.62,D,16,0.5333333333333333,79,26.51,6.802278481012657,3,19,7.980526315789473,0.6476060511356135,1.7789001447675403,0.8634263144083694,1.6846489809139256,10,1,2,1.0,1,High
21.43321,72.97856,308.3,0.38,0.59,2026-09-17,2125,N21,VIIRS,n,2.0NRT,288.51,0.93,N,3,0.1,3,2.19,1.41,1,1,0.93,1.9645490315323035,,,,0,0,0,0.004641623558381043,0,Low
22.41638,69.03901,316.43,0.41,0.45,2026-09-17,2125,N21,VIIRS,n,2.0NRT,292.33,2.81,N,4,0.1333333333333333,4,3.8,3.0225000000000004,1,1,2.81,0.0425743872961057,4.136638267428016,,2.551107669861396,0,0,1,0.029399799905497345,0,Low
22.93113,69.69793,328.66,0.44,0.46,2026-09-17,2125,N21,VIIRS,n,2.0NRT,291.32,5.33,N,11,0.3666666666666666,26,5.33,2.097307692307692,3,8,2.115,0.4725052187695945,0.4725052187695945,,,0,0,2,1.0,1,High
22.93195,69.6959,327.82,0.44,0.46,2026-09-17,2125,N21,VIIRS,n,2.0NRT,291.57,3.54,N,11,0.3666666666666666,26,5.33,2.097307692307692,3,8,2.115,0.6825801796035994,0.6825801796035994,,,0,0,2,1.0,1,High
24.58661,69.89914,335.24,0.43,0.38,2026-09-18,839,N21,VIIRS,n,2.0NRT,302.39,1.45,D,1,0.0333333333333333,1,1.45,1.45,1,1,1.45,,,,,0,0,0,0.0,0,Low
24.69019,73.00034,304.94,0.51,0.41,2026-09-18,2106,N21,VIIRS,n,2.0NRT,291.26,1.89,N,6,0.2,6,1.89,1.461666666666667,1,1,1.89,0.3205108922950603,1.4622541114260097,,,0,0,2,0.5828091800367042,1,Moderate
20.86811,70.5649,308.39,0.44,0.39,2026-09-18,2108,N21,VIIRS,n,2.0NRT,294.97,1.46,N,2,0.0666666666666666,2,1.46,1.255,1,1,1.46,0.5451027979813429,,,,0,0,1,0.001832443521676801,0,Low
21.10294,72.64542,322.73,0.56,0.43,2026-09-18,2108,N21,VIIRS,n,2.0NRT,292.1,3.86,N,17,0.5666666666666667,80,26.51,6.58775,3,14,8.015,0.7893694217230847,1.921740399357136,1.0065277863122262,1.82674793048692,12,1,1,1.0,1,High
21.10682,72.64626,303.15,0.56,0.43,2026-09-18,2108,N21,VIIRS,n,2.0NRT,291.37,3.86,N,17,0.5666666666666667,70,26.51,6.07357142857143,3,13,7.834615384615385,0.427948336371442,1.5468316615494626,0.6738115323614334,1.4390933660874798,4,1,2,1.0,1,High
22.34033,69.85338,308.02,0.41,0.37,2026-09-18,2108,N21,VIIRS,n,2.0NRT,296.67,4.1,N,5,0.1666666666666666,5,4.3,3.432,2,2,3.34,0.5002233593590796,1.3162619126827106,0.5686649461803287,0.2102024631475066,35,29,1,0.4077516300710424,0,Moderate
22.41642,69.03915,326.98,0.39,0.36,2026-09-18,2108,N21,VIIRS,n,2.0NRT,296.35,3.68,N,5,0.1666666666666666,5,3.8,3.1540000000000004,2,2,3.245,0.0522729802972367,4.151084616825467,,2.565850744658971,0,0,1,0.44138464839034586,0,Moderate
22.42868,69.83318,308.69,0.41,0.37,2026-09-18,2108,N21,VIIRS,n,2.0NRT,295.56,2.11,N,1,0.0333333333333333,1,2.11,2.11,1,1,2.11,0.2691807280506363,0.9022851537092508,1.6795579934239298,1.157352515858958,15,1,4,0.005527022360355694,0,Low
22.93288,69.6994,307.38,0.4,0.37,2026-09-18,2108,N21,VIIRS,n,2.0NRT,295.81,1.72,N,12,0.4,28,5.33,2.0357142857142856,3,7,1.85,0.3620757178400603,0.3620757178400603,,,0,0,2,1.0,1,High
22.93352,69.69555,305.25,0.4,0.37,2026-09-18,2108,N21,VIIRS,n,2.0NRT,295.21,0.75,N,12,0.4,28,5.33,2.0357142857142856,3,7,1.85,0.7540912154798666,0.7540912154798666,,,0,0,2,1.0,1,High
23.31459,70.19907,305.72,0.41,0.37,2026-09-18,2108,N21,VIIRS,n,2.0NRT,294.36,0.97,N,2,0.0666666666666666,2,0.97,0.91,1,1,0.97,4.427453559225072,,,,0,0,3,0.0013484848484848486,0,Low
23.31558,70.48722,308.14,0.42,0.38,2026-09-18,2108,N21,VIIRS,n,2.0NRT,293.69,1.22,N,4,0.1333333333333333,4,1.86,1.6075,1,1,1.22,0.3020520196119893,,,,0,0,3,0.003934338064517136,0,Low
23.49606,68.57867,312.05,0.38,0.36,2026-09-18,2108,N21,VIIRS,n,2.0NRT,297.59,2.19,N,2,0.0666666666666666,2,2.19,1.6,1,1,2.19,0.279022732618631,0.3875686704105053,,0.3345833248422686,0,1,1,0.003522851878751825,0,Low
21.10114,72.63794,333.54,0.39,0.36,2026-09-19,820,N21,VIIRS,n,2.0NRT,299.47,2.63,D,18,0.6,79,36.33,7.446708860759493,4,15,8.237333333333332,1.140991238734913,2.055014921968113,1.219878960236381,2.0085500740502096,19,0,1,0.9975118708452042,1,High
21.10443,72.63737,333.88,0.39,0.36,2026-09-19,820,N21,VIIRS,n,2.0NRT,300.09,2.63,D,18,0.6,89,36.33,6.956404494382023,4,19,7.2584210526315776,0.8947748363369715,1.700934673251162,0.9159873467627776,1.6633238406520483,19,1,2,1.0,1,High
21.10557,72.64471,338.65,0.38,0.36,2026-09-19,820,N21,VIIRS,n,2.0NRT,303.22,14.49,D,18,0.6,84,26.51,6.605833333333333,4,19,7.694736842105264,0.4879260183442213,1.62048263616205,0.7075272263442429,1.5252040369840474,4,1,2,1.0,1,High
21.7934,72.64744,330.13,0.38,0.36,2026-09-19,820,N21,VIIRS,n,2.0NRT,296.83,1.7,D,1,0.0333333333333333,1,1.7,1.7,1,1,1.7,0.2544686471390683,,,,0,0,0,0.0033333333333333335,0,Low
24.69052,73.0022,330.66,0.39,0.36,2026-09-19,820,N21,VIIRS,l,2.0NRT,303.68,3.64,D,7,0.2333333333333333,7,3.64,1.772857142857143,2,2,2.765,0.1809198147941368,1.3745644924062623,,,0,0,2,0.6303685853365788,1,Moderate
24.85863,71.67764,337.08,0.39,0.36,2026-09-19,820,N21,VIIRS,n,2.0NRT,306.1,3.43,D,1,0.0333333333333333,1,3.43,3.43,1,1,3.43,,,,,0,0,0,0.0,0,Low
20.86592,70.56622,310.71,0.41,0.37,2026-09-19,2046,N21,VIIRS,n,2.0NRT,293.17,1.46,N,3,0.1,3,1.46,1.3233333333333333,2,2,1.46,0.483154178076205,,,,0,0,1,0.0044182967377090895,0,Low
20.90999,71.45925,308.28,0.39,0.36,2026-09-19,2046,N21,VIIRS,n,2.0NRT,290.96,2.67,N,9,0.3,10,2.67,1.4389999999999998,1,1,2.67,0.2939578849759824,1.3676187652987295,,1.587871153871537,0,2,4,0.6416550494518951,1,Moderate
21.10307,72.63648,343.07,0.38,0.36,2026-09-19,2046,N21,VIIRS,n,2.0NRT,294.18,12.14,N,17,0.5666666666666667,75,36.33,7.126266666666667,4,16,7.396875,1.066116118850566,1.8667399968398104,1.0931628825310176,1.833446724171164,19,1,2,1.0,1,High
21.10965,72.63765,314.84,0.38,0.36,2026-09-19,2046,N21,VIIRS,n,2.0NRT,293.53,2.1,N,17,0.5666666666666667,70,26.51,6.894714285714286,4,17,7.188823529411764,0.6314904239671856,1.126091133739369,0.4958841082177299,1.099890888009363,6,1,2,1.0,1,High
21.11022,72.63399,308.77,0.38,0.36,2026-09-19,2046,N21,VIIRS,n,2.0NRT,292.94,2.1,N,11,0.3666666666666666,36,26.3,6.329722222222222,2,8,7.0825,1.0114909044664138,1.2139310837306885,0.8453011935139286,1.23211869270568,11,1,2,0.8185868392664508,1,High
21.82505,73.11562,305.82,0.39,0.36,2026-09-19,2046,N21,VIIRS,n,2.0NRT,292.01,1.43,N,1,0.0333333333333333,1,1.43,1.43,1,1,1.43,0.2443386777304348,0.2443386777304348,0.133696206827504,0.1341561930503573,3,6,1,0.006987717548575087,0,Low
22.41538,69.03821,310.72,0.48,0.4,2026-09-19,2046,N21,VIIRS,n,2.0NRT,294.98,1.3,N,6,0.2,6,3.8,2.845,3,3,2.5966666666666667,0.0997101645849641,4.054550880437075,,2.425919712920945,0,0,1,0.8487634362691338,1,High
22.93181,69.69495,306.21,0.45,0.39,2026-09-19,2046,N21,VIIRS,n,2.0NRT,295.4,0.8,N,13,0.4333333333333333,29,5.33,1.9931034482758616,4,8,1.71875,0.7783760105170175,0.7783760105170175,,,0,0,2,1.0,1,High
23.26647,70.25735,307.02,0.43,0.38,2026-09-19,2046,N21,VIIRS,n,2.0NRT,295.69,0.98,N,2,0.0666666666666666,2,1.08,1.03,1,1,0.98,0.2319375284625617,,,,0,0,0,0.0026776477002143128,0,Low
23.30538,70.47689,306.5,0.43,0.38,2026-09-19,2046,N21,VIIRS,n,2.0NRT,296.05,0.94,N,2,0.0666666666666666,2,1.37,1.155,1,1,0.94,0.3076580818227364,,,,0,0,4,0.0,0,Low
23.31377,70.20007,307.01,0.44,0.38,2026-09-19,2046,N21,VIIRS,n,2.0NRT,295.9,0.7,N,3,0.1,3,0.97,0.8399999999999999,2,2,0.835,4.388646603764514,,,,0,0,3,0.0025858532160322883,0,Low
23.31463,70.48689,309.87,0.43,0.38,2026-09-19,2046,N21,VIIRS,n,2.0NRT,295.99,1.19,N,5,0.1666666666666666,5,1.86,1.5239999999999998,2,2,1.205,0.3648018197476799,,,,0,0,4,0.4325858532160323,0,Moderate
20.35541,72.94892,304.77,0.39,0.36,2026-09-19,2049,N21,VIIRS,n,2.0NRT,293.3,3.31,N,1,0.0333333333333333,1,3.31,3.31,1,1,3.31,1.8067026406837,,,1.2264906586525677,0,1,3,0.0026969696969696972,0,Low
21.10245,72.63662,336.23,0.57,0.43,2026-09-20,801,N21,VIIRS,n,2.0NRT,291.99,11.08,D,18,0.6,82,36.33,7.223048780487805,5,21,7.90904761904762,1.106279311505182,1.9314888099714165,1.1451221155963462,1.896016643897085,19,1,2,1.0,1,High
21.10446,72.6474,335.91,0.57,0.43,2026-09-20,801,N21,VIIRS,n,2.0NRT,293.82,7.57,D,19,0.6333333333333333,75,26.51,6.502400000000001,5,19,8.802105263157895,0.7110082783259187,1.834667327476913,0.953503845506833,1.7264807523658827,9,1,1,1.0,1,High
22.61695,71.29906,336.33,0.43,0.46,2026-09-20,803,N21,VIIRS,n,2.0NRT,294.47,4.81,D,1,0.0333333333333333,1,4.81,4.81,1,1,4.81,,,,,0,0,0,0.0,0,Low
24.97551,68.15724,341.31,0.6,0.53,2026-09-20,803,N21,VIIRS,n,2.0NRT,305.6,14.14,D,1,0.0333333333333333,2,14.14,14.14,1,2,14.14,,,,,0,0,0,0.008795679808624793,0,Low
24.97676,68.16306,342.73,0.6,0.53,2026-09-20,803,N21,VIIRS,n,2.0NRT,306.49,14.14,D,1,0.0333333333333333,2,14.14,14.14,1,2,14.14,,,,,0,0,0,0.008795679808624793,0,Low
24.82063,73.09285,305.37,0.56,0.43,2026-09-20,2027,N21,VIIRS,n,2.0NRT,295.07,1.22,N,3,0.1,3,1.51,1.35,1,1,1.22,0.3719546252815787,0.6821213275357495,,0.677804639949884,0,1,1,0.01028085625847128,0,Low
21.09946,72.65231,325.74,0.53,0.42,2026-09-20,2029,N21,VIIRS,n,2.0NRT,292.07,4.59,N,16,0.5333333333333333,37,26.51,7.26081081081081,4,9,9.376666666666669,1.2350316353077566,1.2350316353077566,0.0548005089360408,1.2330157991971238,1,12,4,0.9966666666666667,1,High
21.1014,72.63703,339.84,0.53,0.42,2026-09-20,2029,N21,VIIRS,n,2.0NRT,291.99,15.69,N,18,0.6,77,36.33,7.473376623376624,5,18,8.588333333333335,1.170039449706054,2.0390888471205297,1.229616089470165,1.9990855459392909,19,1,2,0.9975118708452042,1,High
21.1046,72.64269,331.21,0.53,0.42,2026-09-20,2029,N21,VIIRS,n,2.0NRT,291.43,6.99,N,19,0.6333333333333333,109,26.51,7.129724770642203,5,29,8.923793103448277,0.5950783695561391,1.6784675035195151,0.761775723484198,1.5986591175620106,10,1,2,1.0,1,High
21.10779,72.64835,317.05,0.53,0.42,2026-09-20,2029,N21,VIIRS,n,2.0NRT,292.2,24.76,N,19,0.6333333333333333,70,26.51,6.782285714285715,5,18,9.03611111111111,0.5314549428447144,1.5563239949670005,0.7695575524866798,1.4354319148263106,4,1,2,1.0,1,High
21.10844,72.64324,309.98,0.53,0.42,2026-09-20,2029,N21,VIIRS,n,2.0NRT,290.59,6.99,N,19,0.6333333333333333,92,26.51,6.7125,5,26,7.87423076923077,0.1662388129361367,1.2718000387295432,0.3544876068192439,1.182043179512946,4,1,2,1.0,1,High
21.10909,72.63815,305.26,0.53,0.42,2026-09-20,2029,N21,VIIRS,n,2.0NRT,289.73,6.99,N,19,0.6333333333333333,81,26.51,6.931851851851852,5,22,7.725,0.5855167178745665,1.1765722695406673,0.47940994342532,1.1423605637891645,6,1,2,1.0,1,High
22.20829,70.80259,326.13,0.47,0.48,2026-09-20,2029,N21,VIIRS,n,2.0NRT,290.79,3.02,N,1,0.0333333333333333,1,3.02,3.02,1,1,3.02,0.5701360685581665,,,,0,0,4,0.0,0,Low
21.10234,72.63669,336.55,0.38,0.59,2026-09-21,741,N21,VIIRS,n,2.0NRT,287.54,5.05,D,19,0.6333333333333333,89,36.33,7.0810112359550565,6,28,7.286071428571428,1.1106317224263769,1.9421485984255336,1.1522834890416909,1.9059833686743093,19,1,2,1.0,1,High
21.10388,72.64375,330.75,0.38,0.58,2026-09-21,741,N21,VIIRS,n,2.0NRT,287.27,3.98,D,20,0.6666666666666666,110,26.51,7.139545454545454,6,35,8.210285714285714,0.665214757977427,1.7774329089894725,0.8574448618437428,1.6911323713931885,12,1,2,1.0,1,High
21.10465,72.64726,330.13,0.38,0.58,2026-09-21,741,N21,VIIRS,n,2.0NRT,287.18,3.98,D,20,0.6666666666666666,81,26.51,6.410493827160494,6,25,7.952400000000001,0.6853899462823096,1.8094474452292544,0.9278722455586884,1.7015274187365956,9,1,1,1.0,1,High
24.81771,68.0358,339.01,0.49,0.65,2026-09-21,924,N21,VIIRS,n,2.0NRT,299.81,8.52,D,1,0.0333333333333333,2,8.52,8.52,1,2,8.52,,,,,0,0,0,0.0,0,Low
24.81807,68.04063,350.7,0.49,0.65,2026-09-21,924,N21,VIIRS,n,2.0NRT,302.05,8.52,D,1,0.0333333333333333,2,8.52,8.52,1,2,8.52,,,,,0,0,0,0.0,0,Low
21.09934,72.63538,337.37,0.35,0.57,2026-09-21,2010,N21,VIIRS,n,2.0NRT,288.03,3.76,N,15,0.5,55,36.33,7.284545454545454,4,15,8.238,1.4446229481370398,2.296203114860099,1.1230249436706752,2.263597173795371,19,0,0,0.9913484848484848,1,High
21.10283,72.65279,305.71,0.35,0.57,2026-09-21,2010,N21,VIIRS,n,2.0NRT,288.43,2.42,N,20,0.6666666666666666,62,26.51,7.138387096774194,6,20,8.273,0.864998547813622,0.864998547813622,0.3937488757618316,0.8556504447501014,1,12,4,0.9966666666666667,1,High
21.10353,72.64609,352.73,0.35,0.57,2026-09-21,2010,N21,VIIRS,n,2.0NRT,288.62,9.61,N,20,0.6666666666666666,95,26.51,6.730105263157894,6,32,8.0746875,0.7453601565491106,1.880586732450652,0.9732685754209072,1.7809391438814286,12,1,1,1.0,1,High
21.10387,72.64271,306.32,0.35,0.57,2026-09-21,2010,N21,VIIRS,n,2.0NRT,287.93,8.42,N,20,0.6666666666666666,116,36.33,7.324224137931035,6,36,8.280555555555557,0.6747286448698628,1.7589870694461085,0.8428261344271404,1.6797097826976637,12,1,2,1.0,1,High
21.10457,72.63596,315.04,0.35,0.57,2026-09-21,2010,N21,VIIRS,n,2.0NRT,287.79,3.76,N,19,0.6333333333333333,84,36.33,7.098333333333334,6,26,7.254615384615383,0.9982746754155594,1.716610624539403,0.988964614018418,1.6907623079117255,11,1,2,1.0,1,High
21.10875,72.64665,315.42,0.35,0.57,2026-09-21,2010,N21,VIIRS,n,2.0NRT,288.48,3.16,N,20,0.6666666666666666,81,26.51,6.43283950617284,6,26,7.819615384615385,0.3268569337806164,1.3734017200732789,0.5634281813262696,1.257916811425683,4,1,2,1.0,1,High
21.11014,72.63313,309.43,0.35,0.57,2026-09-21,2010,N21,VIIRS,n,2.0NRT,287.63,3.34,N,13,0.4333333333333333,39,26.3,6.546410256410256,4,13,6.683076923076923,1.100352471335117,1.2703953804651564,0.934809521610858,1.295938927206326,11,1,2,0.9985868392664509,1,High
23.3151,70.19904,304.85,0.54,0.68,2026-09-21,2010,N21,VIIRS,n,2.0NRT,293.04,1.39,N,4,0.1333333333333333,4,1.39,0.9774999999999998,3,3,1.0199999999999998,4.401229105364616,,,,0,0,3,0.24058013210450208,0,Low
20.35464,72.95059,304.82,0.33,0.55,2026-09-21,2012,N21,VIIRS,n,2.0NRT,286.21,1.34,N,2,0.0666666666666666,3,3.31,1.8333333333333333,2,3,1.8333333333333333,6.800527971122472,,,,0,0,0,0.03535374477050225,0,Low
20.35591,72.94979,311.67,0.33,0.55,2026-09-21,2012,N21,VIIRS,n,2.0NRT,286.09,0.85,N,2,0.0666666666666666,3,3.31,1.8333333333333333,2,3,1.8333333333333333,1.8590141799117323,,,1.1829607719521669,0,1,3,0.04548527710699218,0,Low
22.93455,69.6979,318.3,0.55,0.68,2026-09-21,2150,N21,VIIRS,n,2.0NRT,292.61,3.9,N,14,0.4666666666666667,30,5.33,2.056666666666666,4,6,2.673333333333334,0.5915524391798271,0.5915524391798271,,,0,0,2,0.9966666666666667,1,High
23.49759,68.57926,307.13,0.46,0.63,2026-09-21,2150,N21,VIIRS,n,2.0NRT,294.72,1.52,N,3,0.1,4,2.19,1.5125000000000002,2,3,1.68,0.1265926231563539,0.2595722830914205,,0.1788403336651303,0,1,1,0.046964990964014956,0,Low
23.49897,68.57855,304.55,0.46,0.63,2026-09-21,2150,N21,VIIRS,n,2.0NRT,294.31,1.33,N,3,0.1,4,2.19,1.5125000000000002,2,3,1.68,0.1013684300109698,0.1013684300109698,,0.0109808411616687,0,1,1,0.046964990964014956,0,Low
22.41556,69.03933,310.22,0.51,0.66,2026-09-21,2153,N21,VIIRS,n,2.0NRT,288.56,1.59,N,7,0.2333333333333333,7,3.8,2.665714285714286,4,4,2.345,0.0669174787152649,4.169423392074368,,2.5374227365235,0,0,1,0.9658100915753198,1,High
21.10189,72.63525,333.37,0.44,0.62,2026-09-22,905,N21,VIIRS,n,2.0NRT,290.2,7.32,D,17,0.5666666666666667,72,36.33,6.426111111111112,5,26,6.523846153846154,1.2491273084572416,2.0235574308556386,1.2366003826314746,1.9965776650022544,19,1,2,1.0,1,High
24.38188,69.46255,337.12,0.59,0.53,2026-09-22,905,N21,VIIRS,n,2.0NRT,301.87,7.3,D,1,0.0333333333333333,1,7.3,7.3,1,1,7.3,,,,,0,0,0,0.0,0,Low
24.99821,68.23438,334.89,0.5,0.49,2026-09-22,905,N21,VIIRS,l,2.0NRT,305.84,2.66,D,1,0.0333333333333333,1,2.66,2.66,1,1,2.66,,,,,0,0,0,0.0,0,Low
21.1041,72.63371,300.15,0.72,0.76,2026-09-22,1951,N21,VIIRS,n,2.0NRT,270.75,1.98,N,16,0.5333333333333333,67,36.33,6.646716417910447,5,24,6.686250000000001,1.2213490199547414,1.838501504778408,1.17983643507896,1.8284857908547747,11,1,2,1.0,1,High
20.90905,71.45935,304.86,0.39,0.6,2026-09-22,2131,N21,VIIRS,n,2.0NRT,287.63,1.09,N,10,0.3333333333333333,11,2.67,1.4072727272727272,2,2,1.88,0.2342428087942858,1.2702910060497752,,1.501278262929473,0,2,4,0.6449883827852286,1,Moderate
21.10158,72.63599,345.31,0.46,0.64,2026-09-22,2131,N21,VIIRS,n,2.0NRT,288.75,7.02,N,20,0.6666666666666666,78,36.33,6.862051282051282,7,27,6.84037037037037,1.2220502595127878,2.0393612479663905,1.2615186360513793,2.0067211112902283,19,0,2,1.0,1,High
21.10532,72.64621,319.68,0.46,0.64,2026-09-22,2131,N21,VIIRS,n,2.0NRT,286.49,3.68,N,21,0.7,89,26.51,6.145280898876404,7,30,7.279333333333331,0.5666743262963718,1.6983932995398148,0.8050381007690507,1.5945065108582723,4,1,2,1.0,1,High
21.10728,72.63753,304.96,0.46,0.64,2026-09-22,2131,N21,VIIRS,n,2.0NRT,288.64,3.64,N,21,0.7,105,36.33,6.847142857142858,7,37,6.602972972972973,0.704662637063891,1.386285558099993,0.6563389065539639,1.3536294447009878,11,1,2,1.0,1,High
22.41307,69.04001,306.19,0.51,0.5,2026-09-22,2131,N21,VIIRS,n,2.0NRT,294.62,0.69,N,8,0.2666666666666666,9,3.8,2.258888888888889,5,6,1.8416666666666668,0.3463992012570822,4.251006851767114,,2.4902615879832983,0,0,1,0.9974896868376402,1,High
22.41753,69.0411,310.1,0.51,0.5,2026-09-22,2131,N21,VIIRS,n,2.0NRT,294.66,0.98,N,8,0.2666666666666666,9,3.8,2.258888888888889,5,6,1.8416666666666668,0.2823257512466215,4.35481830039461,,2.801016436380462,0,0,1,0.9974896868376402,1,High
24.81712,73.09222,299.62,0.41,0.61,2026-09-22,2131,N21,VIIRS,n,2.0NRT,289.12,0.77,N,4,0.1333333333333333,5,1.51,1.118,2,3,0.92,0.7306794931381579,1.0452165727016145,,1.0319943108387315,0,1,1,0.052977825955440976,0,Low
24.82249,73.094,304.36,0.41,0.61,2026-09-22,2131,N21,VIIRS,n,2.0NRT,293.51,0.77,N,4,0.1333333333333333,5,1.51,1.118,2,3,0.92,0.3083117379651033,0.5571522574583255,,0.5680712177304085,0,1,1,0.052977825955440976,0,Low
21.10326,72.63518,343.46,0.43,0.46,2026-09-23,843,N21,VIIRS,n,2.0NRT,299.24,9.71,D,18,0.6,77,36.33,6.445194805194805,5,21,6.110476190476192,1.1516340858215084,1.8784550049437048,1.153185971090097,1.8551927730268023,19,1,2,1.0,1,High
21.10473,72.64751,343.56,0.43,0.46,2026-09-23,843,N21,VIIRS,n,2.0NRT,299.7,9.08,D,22,0.7333333333333333,85,26.51,6.445176470588234,7,19,7.731052631578948,0.6922239462411214,1.81211269423516,0.936164960132384,1.702804914998923,6,1,1,1.0,1,High
22.417,69.04057,338.06,0.43,0.38,2026-09-23,845,N21,VIIRS,n,2.0NRT,307.13,3.86,D,9,0.3,12,3.86,2.405,6,9,2.1755555555555555,0.2039400262475496,4.298344989626365,,2.724828214108684,0,0,1,0.9985868392664509,1,High
24.00624,71.30584,330.69,0.39,0.44,2026-09-23,845,N21,VIIRS,l,2.0NRT,305.43,1.12,D,1,0.0333333333333333,2,4.45,2.785,1,2,2.785,,,,,0,0,0,0.0,0,Low
24.01024,71.30527,341.76,0.39,0.44,2026-09-23,845,N21,VIIRS,n,2.0NRT,306.38,4.45,D,1,0.0333333333333333,2,4.45,2.785,1,2,2.785,,,,,0,0,0,0.0,0,Low
24.21608,72.29987,331.13,0.45,0.47,2026-09-23,845,N21,VIIRS,l,2.0NRT,305.55,4.06,D,1,0.0333333333333333,3,34.08,22.070000000000004,1,3,22.070000000000004,0.3504619171290898,,,,0,0,2,0.04348967353993345,0,Low
24.21687,72.29862,348.44,0.45,0.47,2026-09-23,845,N21,VIIRS,n,2.0NRT,308.0,34.08,D,1,0.0333333333333333,3,34.08,22.070000000000004,1,3,22.070000000000004,0.3636659095319415,,,,0,0,2,0.041504825055084967,0,Low
24.22035,72.29929,336.74,0.45,0.47,2026-09-23,845,N21,VIIRS,n,2.0NRT,309.02,28.07,D,1,0.0333333333333333,3,34.08,22.070000000000004,1,3,22.070000000000004,0.2724040511385566,,,,0,0,2,0.04348967353993345,0,Low
24.29911,69.45913,337.11,0.47,0.4,2026-09-23,845,N21,VIIRS,l,2.0NRT,310.75,5.45,D,1,0.0333333333333333,1,5.45,5.45,1,1,5.45,,,,,0,0,0,0.0,0,Low
24.39395,69.55573,339.35,0.48,0.4,2026-09-23,845,N21,VIIRS,l,2.0NRT,313.41,5.81,D,1,0.0333333333333333,1,5.81,5.81,1,1,5.81,,,,,0,0,0,0.0,0,Low
24.86415,69.18114,340.48,0.46,0.39,2026-09-23,845,N21,VIIRS,n,2.0NRT,312.2,7.8,D,1,0.0333333333333333,1,7.8,7.8,1,1,7.8,,,,,0,0,0,0.0,0,Low
24.69162,73.00175,307.71,0.42,0.45,2026-09-23,2112,N21,VIIRS,n,2.0NRT,296.87,1.7,N,8,0.2666666666666666,8,3.64,1.76375,3,3,2.41,0.1122742059892931,1.2672609605663112,,,0,0,2,0.8771794166603553,1,High
20.90861,71.4605,308.25,0.39,0.44,2026-09-23,2114,N21,VIIRS,n,2.0NRT,293.22,2.22,N,11,0.3666666666666666,12,2.67,1.475,3,3,1.9933333333333327,0.1056387563027618,1.1729248126384286,,1.386909341273952,0,2,3,0.8828532588297164,1,High
21.10174,72.63547,340.95,0.46,0.47,2026-09-23,2114,N21,VIIRS,n,2.0NRT,296.33,7.99,N,18,0.6,73,36.33,6.547534246575343,5,21,6.110476190476192,1.2451999695177225,2.0341495147558115,1.254481716770779,2.005355104991381,19,0,2,1.0,1,High
21.10433,72.64516,349.35,0.46,0.47,2026-09-23,2114,N21,VIIRS,n,2.0NRT,297.07,13.4,N,22,0.7333333333333333,105,26.51,6.677142857142857,7,30,7.320666666666668,0.6327246575710361,1.765993073624522,0.8527447441482017,1.6701687320225982,10,1,2,0.9980151515151514,1,High
21.1086,72.64614,313.21,0.46,0.47,2026-09-23,2114,N21,VIIRS,n,2.0NRT,296.39,2.43,N,22,0.7333333333333333,86,26.51,6.43360465116279,7,21,7.382380952380954,0.2864031720131777,1.363007998000154,0.5289659776062456,1.2509686457359903,4,1,2,1.0,1,High
22.36418,73.11755,344.55,0.47,0.48,2026-09-23,2114,N21,VIIRS,n,2.0NRT,296.51,8.91,N,1,0.0333333333333333,1,8.91,8.91,1,1,8.91,1.2666632728002682,1.2666632728002682,0.5321284766356178,2.0821770832255844,54,0,2,0.015552372807462023,0,Low
22.41532,69.0399,320.34,0.43,0.38,2026-09-23,2114,N21,VIIRS,n,2.0NRT,298.66,2.88,N,9,0.3,12,3.86,2.405,6,9,2.1755555555555555,0.1284169418828468,4.228354263187073,,2.5781168474883094,0,0,1,1.0,1,High
22.41878,69.0406,312.01,0.43,0.38,2026-09-23,2114,N21,VIIRS,n,2.0NRT,298.35,1.79,N,9,0.3,12,3.86,2.405,6,9,2.1755555555555555,0.3540669641102396,4.311461279509133,,2.827719232657324,0,0,1,1.0,1,High
22.93182,69.70041,308.82,0.45,0.39,2026-09-23,2114,N21,VIIRS,n,2.0NRT,298.45,1.52,N,15,0.5,32,5.33,2.0231250000000003,5,8,2.385,0.2232530937775614,0.2232530937775614,,,0,0,2,1.0,1,High
22.93258,69.69608,315.49,0.45,0.39,2026-09-23,2114,N21,VIIRS,n,2.0NRT,298.68,1.52,N,15,0.5,32,5.33,2.0231250000000003,5,8,2.385,0.6745673265335663,0.6745673265335663,,,0,0,2,1.0,1,High
23.25508,70.26201,330.16,0.47,0.4,2026-09-23,2114,N21,VIIRS,n,2.0NRT,298.35,3.13,N,2,0.0666666666666666,2,3.13,2.64,1,1,3.13,0.8614886895007877,,,,0,0,0,0.001832443521676801,0,Low
23.49771,68.57907,315.33,0.41,0.37,2026-09-23,2114,N21,VIIRS,n,2.0NRT,300.41,1.54,N,4,0.1333333333333333,6,2.19,1.455,3,5,1.544,0.1414325977214801,0.2372241704481144,,0.1594206133280069,0,1,1,0.5345294132186466,1,Moderate
23.49903,68.57841,311.71,0.41,0.37,2026-09-23,2114,N21,VIIRS,n,2.0NRT,299.65,1.14,N,4,0.1333333333333333,6,2.19,1.455,3,5,1.544,0.0856836912619186,0.0856836912619186,,0.0165537669985673,0,1,1,0.5345294132186466,1,Moderate
21.10322,72.63692,337.13,0.39,0.36,2026-09-24,826,N21,VIIRS,n,2.0NRT,296.52,26.55,D,23,0.7666666666666667,107,36.33,7.122336448598131,7,34,6.8685294117647056,1.022292665322916,1.8415832900355924,1.0553513513735704,1.805280034972974,19,1,2,1.0,1,High
21.10432,72.64445,335.33,0.39,0.37,2026-09-24,826,N21,VIIRS,n,2.0NRT,297.61,5.68,D,23,0.7666666666666667,120,26.55,6.975333333333333,7,38,7.395263157894738,0.6207537841241593,1.746782250436846,0.8286249646783121,1.6553493908648238,10,1,2,1.0,1,High
21.1082,72.64767,335.4,0.39,0.37,2026-09-24,826,N21,VIIRS,n,2.0NRT,300.11,5.68,D,23,0.7666666666666667,86,26.51,6.53720930232558,7,22,7.02318181818182,0.4482465967547886,1.4799673229206984,0.6855889620093114,1.3609262870327865,4,1,2,1.0,1,High
21.10989,72.63582,332.52,0.39,0.36,2026-09-24,826,N21,VIIRS,n,2.0NRT,296.71,4.19,D,18,0.6,67,26.55,6.894179104477613,6,25,6.8532,0.820884862871801,1.1595230881186975,0.666978253651739,1.156255428160873,11,1,2,1.0,1,High
22.41573,69.03867,338.08,0.41,0.37,2026-09-24,826,N21,VIIRS,n,2.0NRT,307.18,3.96,D,10,0.3333333333333333,16,4.85,2.526875,6,12,2.361666666666667,0.0391355469057225,4.101438985834474,,2.485903183330614,0,0,1,0.9985868392664509,1,High
22.41631,69.03874,340.38,0.41,0.37,2026-09-24,826,N21,VIIRS,n,2.0NRT,307.34,4.85,D,10,0.3333333333333333,16,4.85,2.526875,6,12,2.361666666666667,0.0370419654451377,4.108798099598184,,2.5230724516705973,0,0,1,0.9985868392664509,1,High
23.83114,70.28083,340.51,0.39,0.36,2026-09-24,826,N21,VIIRS,n,2.0NRT,313.7,3.79,D,1,0.0333333333333333,1,3.79,3.79,1,1,3.79,,,,,0,0,0,0.0,0,Low
24.44929,71.40038,348.83,0.39,0.36,2026-09-24,826,N21,VIIRS,n,2.0NRT,318.2,5.89,D,1,0.0333333333333333,1,5.89,5.89,1,1,5.89,,,,,0,0,0,0.0,0,Low
22.31353,69.85732,309.2,0.4,0.37,2026-09-24,2053,N21,VIIRS,n,2.0NRT,297.0,1.18,N,1,0.0333333333333333,1,1.18,1.18,1,1,1.18,0.7082343749339033,1.450812757961544,0.8932103078794016,1.288592513749104,23,24,2,0.0033333333333333335,0,Low
22.37461,72.47674,311.96,0.4,0.37,2026-09-24,2053,N21,VIIRS,n,2.0NRT,296.45,0.67,N,1,0.0333333333333333,1,0.67,0.67,1,1,0.67,,,,,0,0,0,0.0,0,Low
22.40045,69.02074,308.59,0.42,0.37,2026-09-24,2053,N21,VIIRS,n,2.0NRT,298.17,2.16,N,2,0.0666666666666666,2,3.18,2.67,1,1,2.16,0.1558774668872128,2.839019145588852,,0.6390360260698467,0,1,0,0.015881629263419173,0,Low
22.41527,69.03957,320.3,0.42,0.37,2026-09-24,2053,N21,VIIRS,n,2.0NRT,298.16,2.05,N,10,0.3333333333333333,16,4.85,2.526875,6,12,2.361666666666667,0.107456381703327,4.194529822789143,,2.545167291676948,0,0,1,1.0,1,High
22.41869,69.04013,310.16,0.42,0.37,2026-09-24,2053,N21,VIIRS,n,2.0NRT,297.48,0.71,N,10,0.3333333333333333,16,4.85,2.526875,6,12,2.361666666666667,0.323637982741172,4.262548904619323,,2.781545058500396,0,0,1,1.0,1,High
22.93351,69.70295,309.17,0.4,0.37,2026-09-24,2053,N21,VIIRS,n,2.0NRT,298.12,1.31,N,16,0.5333333333333333,34,5.33,1.981176470588236,5,8,1.60375,0.240989341765968,0.240989341765968,,,0,0,1,0.9971506253398585,1,High
22.93407,69.69906,319.9,0.4,0.37,2026-09-24,2053,N21,VIIRS,n,2.0NRT,298.57,1.31,N,16,0.5333333333333333,34,5.33,1.981176470588236,5,8,1.60375,0.4652180301099956,0.4652180301099956,,,0,0,2,1.0,1,High
23.26666,70.25809,308.71,0.39,0.36,2026-09-24,2053,N21,VIIRS,n,2.0NRT,297.91,0.84,N,3,0.1,3,1.08,0.9666666666666668,2,2,0.91,0.3064684865253571,,,,0,0,0,0.0044182967377090895,0,Low
23.3141,70.48811,311.21,0.39,0.36,2026-09-24,2053,N21,VIIRS,n,2.0NRT,298.1,1.61,N,6,0.2,6,1.86,1.538333333333333,3,3,1.34,0.2948654403664473,,,,0,0,3,0.8292316472560173,1,High
23.40779,72.41864,306.86,0.39,0.36,2026-09-24,2053,N21,VIIRS,n,2.0NRT,295.84,2.32,N,1,0.0333333333333333,1,2.32,2.32,1,1,2.32,,,,,0,0,0,0.0,0,Low
24.69099,73.00126,308.12,0.39,0.36,2026-09-24,2053,N21,VIIRS,n,2.0NRT,297.26,2.07,N,9,0.3,9,3.64,1.7977777777777777,4,4,2.325,0.1921566287359015,1.3485129610156008,,,0,0,2,0.9655745568150261,1,High
24.81914,73.0939,307.86,0.4,0.37,2026-09-24,2053,N21,VIIRS,n,2.0NRT,297.78,1.35,N,5,0.1666666666666666,7,1.51,1.1842857142857142,3,5,1.092,0.5678611764133179,0.8750889974731849,,0.8726855437334533,0,1,1,0.9719446538614114,1,High
24.81978,73.09007,308.99,0.4,0.37,2026-09-24,2053,N21,VIIRS,n,2.0NRT,297.96,1.35,N,5,0.1666666666666666,7,1.51,1.1842857142857142,3,5,1.092,0.4431141901381727,0.7371592282745527,,0.7146269548488333,0,1,1,0.9719446538614114,1,High
20.90948,71.46121,310.26,0.39,0.36,2026-09-24,2055,N21,VIIRS,n,2.0NRT,297.83,0.63,N,12,0.4,14,2.67,1.36,4,5,1.464,0.1271034272678273,1.2347494326551045,,1.4208263340559244,0,2,4,0.9980151515151514,1,High
20.91007,71.45753,313.48,0.39,0.36,2026-09-24,2055,N21,VIIRS,n,2.0NRT,297.84,0.71,N,12,0.4,14,2.67,1.36,4,5,1.464,0.4522117235867636,1.464698305703151,,1.712541091006866,0,2,4,0.9952973091915001,1,High
21.103,72.63773,329.76,0.41,0.37,2026-09-24,2055,N21,VIIRS,n,2.0NRT,298.57,4.61,N,23,0.7666666666666667,117,36.33,7.274615384615386,7,35,6.78257142857143,0.9849374020223788,1.8524347015474951,1.037722750089971,1.809699178822172,19,1,2,1.0,1,High
21.10364,72.63388,308.87,0.41,0.37,2026-09-24,2055,N21,VIIRS,n,2.0NRT,296.46,4.61,N,18,0.6,73,36.33,6.88082191780822,6,25,6.724000000000001,1.2343012141212937,1.8800891299535272,1.1718829441969048,1.8673421134081665,13,1,2,1.0,1,High
21.10508,72.6461,338.49,0.41,0.37,2026-09-24,2055,N21,VIIRS,n,2.0NRT,299.27,3.74,N,23,0.7666666666666667,101,26.55,6.703465346534652,7,28,7.112857142857144,0.5857113407957913,1.7190740940113671,0.8217493417936826,1.6163230135446385,6,1,2,1.0,1,High
21.10845,72.64675,313.64,0.41,0.37,2026-09-24,2055,N21,VIIRS,n,2.0NRT,297.94,3.74,N,23,0.7666666666666667,90,26.51,6.357,7,24,6.677083333333333,0.3501218964344827,1.4075709373097507,0.5902847327796068,1.2924620126091508,4,1,2,1.0,1,High
21.11037,72.63515,323.39,0.41,0.37,2026-09-24,2055,N21,VIIRS,n,2.0NRT,297.99,3.8,N,18,0.6,57,26.55,6.4619298245614045,6,21,6.552380952380953,0.8921658593990506,1.1403290857345905,0.7238531370531408,1.147620501953594,11,1,2,1.0,1,High
21.09977,72.65229,332.49,0.47,0.4,2026-09-25,807,N21,VIIRS,n,2.0NRT,301.41,3.44,D,22,0.7333333333333333,55,26.51,7.546363636363636,6,16,7.925000000000001,1.2028252773987271,1.2028252773987271,0.0656467385650644,1.1995116673232824,1,12,4,0.9921936890270224,1,High
21.10101,72.63819,334.78,0.47,0.4,2026-09-25,807,N21,VIIRS,n,2.0NRT,302.27,5.5,D,24,0.8,113,36.33,7.1070796460177,7,38,6.305526315789473,1.1400048893740071,2.066678578477944,1.2247473807719969,2.018417295260076,19,0,1,1.0,1,High
21.10461,72.63748,334.96,0.47,0.4,2026-09-25,807,N21,VIIRS,n,2.0NRT,301.99,5.38,D,24,0.8,129,36.33,6.92984496124031,7,44,6.366590909090909,0.8728729479088108,1.6792967514186985,0.8929655037537719,1.6411167624492482,17,1,2,1.0,1,High
21.10619,72.64642,344.71,0.47,0.4,2026-09-25,807,N21,VIIRS,n,2.0NRT,305.16,23.31,D,24,0.8,103,26.51,6.141941747572814,7,33,6.286969696969696,0.4943893154275587,1.6175849028090674,0.7385593464167409,1.5105104066889696,4,1,2,0.9966019907816025,1,High
21.69298,73.23695,341.04,0.44,0.38,2026-09-25,807,N21,VIIRS,n,2.0NRT,298.47,6.96,D,1,0.0333333333333333,1,6.96,6.96,1,1,6.96,,,,,0,0,0,0.0,0,Low
21.88546,73.69077,332.31,0.42,0.38,2026-09-25,807,N21,VIIRS,n,2.0NRT,299.67,2.8,D,1,0.0333333333333333,1,2.8,2.8,1,1,2.8,0.2698249347361529,,,,0,0,0,0.0,0,Low
22.8181,69.40692,336.39,0.44,0.46,2026-09-25,807,N21,VIIRS,n,2.0NRT,304.56,3.84,D,1,0.0333333333333333,1,3.84,3.84,1,1,3.84,4.946681951238296,,,,0,0,1,0.0,0,Low
22.91738,69.46445,335.0,0.44,0.46,2026-09-25,807,N21,VIIRS,n,2.0NRT,305.36,2.73,D,1,0.0333333333333333,1,2.73,2.73,1,1,2.73,,,,,0,0,0,0.0,0,Low
23.00401,70.06116,343.98,0.4,0.44,2026-09-25,807,N21,VIIRS,n,2.0NRT,308.39,6.74,D,1,0.0333333333333333,1,6.74,6.74,1,1,6.74,2.4641603691690968,,,,0,0,0,0.0,0,Low
24.80509,68.03191,342.42,0.49,0.49,2026-09-25,807,N21,VIIRS,n,2.0NRT,307.88,7.26,D,1,0.0333333333333333,1,7.26,7.26,1,1,7.26,,,,,0,0,0,0.0,0,Low
21.1001,72.63693,328.81,0.45,0.39,2026-09-25,2036,N21,VIIRS,n,2.0NRT,276.8,2.87,N,23,0.7666666666666667,93,36.33,6.832043010752688,7,31,6.193870967741934,1.2947855925187326,2.1834978947000927,1.3045563336871175,2.142409300261171,19,0,1,1.0,1,High
21.10069,72.63265,304.63,0.45,0.39,2026-09-25,2036,N21,VIIRS,n,2.0NRT,276.58,1.68,N,19,0.6333333333333333,64,36.33,7.180312499999999,7,24,6.1925,1.2200165891297954,2.2320083527347303,0.9432445468602962,2.218837882541944,19,0,1,0.9980151515151514,1,High
21.10245,72.646,305.9,0.45,0.39,2026-09-25,2036,N21,VIIRS,n,2.0NRT,277.07,3.78,N,24,0.8,115,26.55,6.690695652173913,7,38,7.26973684210526,0.8571028246793053,1.991553339186564,1.0792234844515431,1.894237797787292,12,1,0,0.9980151515151514,1,High
21.10304,72.64174,302.26,0.45,0.39,2026-09-25,2036,N21,VIIRS,n,2.0NRT,276.9,1.14,N,24,0.8,147,36.33,7.030748299319728,7,49,6.761020408163264,0.7862944615121437,1.8384839314034669,0.932719682886018,1.7664880700137264,18,1,2,1.0,1,High
21.10364,72.63747,312.04,0.45,0.39,2026-09-25,2036,N21,VIIRS,n,2.0NRT,276.87,1.14,N,24,0.8,125,36.33,6.83288,7,44,6.366590909090909,0.949146207414068,1.7859358892113075,0.9866307699996446,1.7461478562714652,19,1,2,1.0,1,High
21.10423,72.6332,302.99,0.45,0.39,2026-09-25,2036,N21,VIIRS,n,2.0NRT,276.49,0.74,N,19,0.6333333333333333,82,36.33,6.419268292682927,7,33,5.687575757575757,1.2594419005789792,1.84503893412674,1.141061761329491,1.839157016709412,11,1,2,1.0,1,High
21.10599,72.64655,342.77,0.45,0.39,2026-09-25,2036,N21,VIIRS,n,2.0NRT,277.16,3.78,N,24,0.8,102,26.51,6.181568627450979,7,32,6.4178125,0.5203619731762688,1.6433744686496248,0.7643923819373722,1.5360632785542538,4,1,2,1.0,1,High
21.10658,72.64229,304.66,0.45,0.39,2026-09-25,2036,N21,VIIRS,n,2.0NRT,276.46,1.14,N,24,0.8,145,26.55,6.857241379310345,7,49,6.770408163265306,0.3945046214971748,1.4545283263802105,0.5392273526509479,1.3758871464762823,4,1,2,1.0,1,High
22.41668,69.03753,307.25,0.49,0.48,2026-09-25,2036,N21,VIIRS,n,2.0NRT,296.69,2.81,N,11,0.3666666666666666,17,4.85,2.543529411764706,6,12,2.2891666666666666,0.1591793242498222,3.985079125866682,,2.43645883139018,0,0,1,1.0,1,High
22.87757,69.58741,308.76,0.45,0.47,2026-09-25,2036,N21,VIIRS,n,2.0NRT,296.83,1.62,N,1,0.0333333333333333,1,1.62,1.62,1,1,1.62,,,,,0,0,0,0.0,0,Low
22.93297,69.70076,310.22,0.45,0.47,2026-09-25,2036,N21,VIIRS,n,2.0NRT,297.04,2.27,N,17,0.5666666666666667,35,5.33,1.989428571428572,5,7,1.8042857142857145,0.2539326257774404,0.2539326257774404,,,0,0,2,0.9975118708452042,1,High
22.96784,72.55392,305.93,0.47,0.4,2026-09-25,2036,N21,VIIRS,n,2.0NRT,289.62,0.83,N,2,0.0666666666666666,2,0.83,0.615,1,1,0.83,0.3537194426934263,,5.319126874728084,,0,0,2,0.0013484848484848486,0,Low
