latitude,longitude,current_frp,current_bright_ti4,current_bright_ti5,active_days_30d,active_day_ratio_30d,total_detections_30d,max_frp_30d,mean_frp_30d,recent_active_days_7d,recent_detections_7d,recent_mean_frp_7d,nearest_industrial_km,nearest_power_plant_km,nearest_storage_tank_km,nearest_chimney_km,storage_tank_count_2km,chimney_count_2km,substation_count_2km,label,prediction,probability_industrial,risk_level,acq_date
21.10197,72.63417,6.06,314.93,273.63,12,0.4,42,17.01,4.467142857142856,5,30,4.022333333333333,1.3245244771524651,,1.1313831983673983,,20,0,2,1.0,1,1.0,High,2026-08-27
21.10285,72.63518,3.87,315.13,274.69,12,0.4,42,17.01,4.467142857142856,5,30,4.022333333333333,1.181220415837332,1.9223403341483984,1.189405861673437,1.898055237842359,20,1,3,1.0,1,1.0,High,2026-08-27
21.10449,72.64615,5.35,317.36,274.79,12,0.4,42,17.01,4.467142857142856,5,30,4.022333333333333,0.6478505104959973,1.1835062131602512,0.8123784400594396,1.0524798466484662,10,13,6,1.0,1,1.0,High,2026-08-27
21.1053,72.64713,5.51,317.47,275.42,12,0.4,42,17.01,4.467142857142856,5,30,4.022333333333333,0.6176696030008527,1.0500124051212645,0.8131491272634358,0.916821868374572,5,13,6,1.0,1,1.0,High,2026-08-27
22.92664,70.10658,2.39,313.67,293.11,3,0.1,3,7.97,5.91,2,2,5.18,0.8619718468211595,,,,0,0,1,,0,0.2553464864206552,Low,2026-08-27
21.10448,72.6461,5.25,337.3,295.3,13,0.43333333333333335,43,17.01,4.485348837209302,6,31,4.061935483870967,0.6468898451543367,1.18850970240314,0.8153496588459087,1.0572165551702748,10,13,6,1.0,1,1.0,High,2026-08-28
22.92856,70.10652,12.98,343.86,308.24,4,0.13333333333333333,4,12.98,7.6775,3,3,7.78,1.0674869187139888,,,,0,0,1,,1,0.530240531714793,Moderate,2026-08-28
23.12482,70.94032,3.33,336.71,301.49,1,0.03333333333333333,1,3.33,3.33,1,1,3.33,,,,,0,0,0,0.0,0,0.0,Low,2026-08-28
21.09752,72.6374,2.39,303.42,290.67,14,0.4666666666666667,58,17.01,3.915689655172414,6,44,3.4513636363636375,1.173702980429607,,1.2211056894834025,,26,0,0,1.0,1,0.9714161432985977,High,2026-08-29
21.09809,72.63358,3.0,304.5,291.35,14,0.4666666666666667,58,17.01,3.915689655172414,6,44,3.4513636363636375,1.2593463616079843,,0.895798267294412,,20,0,0,1.0,1,0.9714161432985977,High,2026-08-29
21.10031,72.64175,2.39,304.8,291.14,14,0.4666666666666667,58,17.01,3.915689655172414,6,44,3.4513636363636375,1.0819224391745288,1.8224692699403053,1.0456549793423753,1.7012564787319389,20,6,3,1.0,1,1.0,High,2026-08-29
21.10088,72.63794,2.39,326.61,292.55,14,0.4666666666666667,58,17.01,3.915689655172414,6,44,3.4513636363636375,1.1656661754455728,,1.2470199003966578,1.9798604348554751,20,1,3,1.0,1,1.0,High,2026-08-29
21.10144,72.63414,3.0,333.85,293.5,14,0.4666666666666667,58,17.01,3.915689655172414,6,44,3.4513636363636375,1.3665523515363416,,1.1125402583656954,,20,0,1,1.0,1,1.0,High,2026-08-29
21.10201,72.63033,3.0,302.99,291.01,14,0.4666666666666667,56,17.01,3.9073214285714286,6,42,3.4180952380952383,1.0587595903912708,,0.7614287419081127,,13,0,1,1.0,1,1.0,High,2026-08-29
21.1031,72.64612,4.56,335.99,293.69,14,0.4666666666666667,58,17.01,3.915689655172414,6,44,3.4513636363636375,0.7916525137793463,1.2736760487490282,0.7162941205130079,1.1580615109320698,13,13,5,1.0,1,1.0,High,2026-08-29
21.10367,72.64231,1.33,306.36,291.88,14,0.4666666666666667,58,17.01,3.915689655172414,6,44,3.4513636363636375,0.7042173272148095,1.5761249884023552,0.8626290347431383,1.4309634137346965,16,13,6,1.0,1,1.0,High,2026-08-29
21.10423,72.6385,1.33,312.79,291.45,14,0.4666666666666667,58,17.01,3.915689655172414,6,44,3.4513636363636375,0.8288361156904391,1.7072056623980911,0.8799885742160185,1.660099071634136,20,7,5,1.0,1,1.0,High,2026-08-29
21.10479,72.63469,1.21,312.83,290.99,14,0.4666666666666667,58,17.01,3.915689655172414,6,44,3.4513636363636375,1.0946145160025793,1.7314047246998863,1.0605626163019966,1.7162994772995401,12,1,3,1.0,1,1.0,High,2026-08-29
21.10536,72.63088,1.21,301.49,289.49,14,0.4666666666666667,58,17.01,3.915689655172414,6,44,3.4513636363636375,1.326487261878723,1.8432625046847735,1.0246046983372399,1.858016971580139,11,1,2,1.0,1,1.0,High,2026-08-29
21.10646,72.64668,4.56,328.62,293.11,14,0.4666666666666667,58,17.01,3.915689655172414,6,44,3.4513636363636375,0.486377345698089,1.0341848376289395,0.7325880250627651,0.8826078218406531,5,13,6,1.0,1,1.0,High,2026-08-29
21.10702,72.64287,1.33,304.47,292.99,14,0.4666666666666667,58,17.01,3.915689655172414,6,44,3.4513636363636375,0.32850552792908,1.3905497847871824,0.4972401164306852,1.219760033096748,5,13,6,1.0,1,1.0,High,2026-08-29
21.10758,72.63906,1.33,308.44,293.06,14,0.4666666666666667,58,17.01,3.915689655172414,6,44,3.4513636363636375,0.5472020122537068,1.3309244073716577,0.5272278606530747,1.2832329395762363,11,10,6,1.0,1,1.0,High,2026-08-29
21.10815,72.63525,1.21,307.06,292.54,14,0.4666666666666667,58,17.01,3.915689655172414,6,44,3.4513636363636375,0.9003761022849035,1.3609669353487823,0.7924868094694065,1.354342644996555,12,3,3,1.0,1,1.0,High,2026-08-29
24.68999,73.00279,0.98,303.15,289.02,4,0.13333333333333333,5,1.37,1.0719999999999998,2,3,0.98,0.23131920698086011,1.4207143906179036,,,0,0,2,,0,0.40377708450015837,Moderate,2026-08-29
21.10025,72.63715,5.24,330.55,293.27,15,0.5,63,17.01,4.034126984126985,6,40,3.8009999999999997,1.268401779006404,,1.3322745101586224,,20,0,2,1.0,1,1.0,High,2026-08-30
21.10076,72.63288,5.24,318.99,292.62,15,0.5,63,17.01,4.034126984126985,6,40,3.8009999999999997,1.2451141036778905,,0.9681839629649305,,20,0,1,1.0,1,1.0,High,2026-08-30
21.10351,72.64619,5.52,339.7,294.58,15,0.5,63,17.01,4.034126984126985,6,40,3.8009999999999997,0.7509181119006622,1.240621932740757,0.7375833423196051,1.1211233355878047,13,13,5,1.0,1,1.0,High,2026-08-30
21.10401,72.64194,5.52,305.83,292.22,15,0.5,63,17.01,4.034126984126985,6,40,3.8009999999999997,0.676827221585982,1.5941671678950569,0.8244149823926682,1.444680924501478,17,13,6,1.0,1,1.0,High,2026-08-30
21.10776,72.64674,5.52,316.31,294.45,15,0.5,63,17.01,4.034126984126985,6,40,3.8009999999999997,0.38977395934842457,0.9812937236603761,0.6356478698483801,0.8139964706359905,5,13,6,1.0,1,1.0,High,2026-08-30
21.43382,72.97546,1.11,306.45,292.27,2,0.06666666666666667,3,2.15,1.6133333333333333,1,1,1.11,1.8662249936245687,,,,0,0,0,0.0,0,0.08880821847592986,Low,2026-08-30
22.38949,73.11753,2.05,317.74,291.33,1,0.03333333333333333,1,2.05,2.05,1,1,2.05,0.7191802992454633,,1.217111817962534,,50,0,2,,0,0.2851690821256039,Low,2026-08-30
21.10521,72.64474,6.75,328.52,285.25,16,0.5333333333333333,64,17.01,4.0765625,6,29,3.9306896551724133,0.5277563046673195,1.2745270080572888,0.7456835632946174,1.1265802149005286,8,13,6,1.0,1,1.0,High,2026-08-31
22.3833,73.1189,2.43,311.62,268.93,2,0.06666666666666667,3,4.01,2.83,2,3,2.83,0.44421861516346084,,0.5339461911722261,1.9498320641183826,54,7,3,,0,0.39850241545893716,Low,2026-08-31
22.39004,73.12098,4.01,309.44,270.65,2,0.06666666666666667,3,4.01,2.83,2,3,2.83,0.7728109174988715,,1.203882590332307,,50,0,2,,0,0.39516908212560387,Low,2026-08-31
23.33648,69.71748,12.0,344.43,297.19,1,0.03333333333333333,1,12.0,12.0,1,1,12.0,,,,,0,0,0,0.0,0,0.0,Low,2026-09-01
20.90965,71.45818,1.21,303.17,282.35,3,0.1,3,1.97,1.38,1,1,1.21,0.37160630871298855,1.389104056151284,,1.6322701408616926,0,2,4,,0,0.2830595813204509,Low,2026-09-01
22.93195,69.69841,1.21,303.97,286.95,4,0.13333333333333333,5,3.08,1.8520000000000003,1,1,1.21,0.4273375687695038,0.4273375687695038,,,0,0,2,,0,0.2963929146537842,Low,2026-09-01
24.69068,73.00339,1.2,305.11,287.48,5,0.16666666666666666,6,1.37,1.0933333333333333,2,2,1.0899999999999999,0.16772964006653956,1.3355680147022528,,,0,0,2,,1,0.6837770845001583,Moderate,2026-09-01
21.10416,72.63442,8.63,335.35,290.75,16,0.5333333333333333,70,17.01,4.322428571428573,6,33,4.242121212121211,1.1556166469888058,1.806767520135651,1.1298315770754923,1.7917036598353806,12,1,3,1.0,1,1.0,High,2026-09-02
21.10544,72.64433,5.69,333.95,292.7,16,0.5333333333333333,70,17.01,4.322428571428573,6,33,4.242121212121211,0.4956275273093043,1.302900115314697,0.7066171692459317,1.150658365924205,5,13,6,1.0,1,1.0,High,2026-09-02
24.69158,73.00177,1.56,305.2,293.75,6,0.2,7,1.56,1.16,3,3,1.2466666666666666,0.11255308660210309,1.2709868643567757,,,0,0,2,,1,0.9404437511668251,High,2026-09-02
20.91063,71.46042,1.09,308.72,292.74,4,0.13333333333333333,4,1.97,1.3074999999999999,2,2,1.15,0.27491752112873924,1.383206865204439,,1.5727224676577776,0,2,4,,0,0.28972624798711755,Low,2026-09-02
21.10053,72.65025,1.8,308.09,291.26,16,0.5333333333333333,68,17.01,4.38764705882353,6,31,4.379999999999999,1.2094230631321365,1.2094230631321365,0.2016836116609829,1.169723504874452,13,12,4,1.0,1,1.0,High,2026-09-02
21.10342,72.63448,11.47,331.44,292.86,16,0.5333333333333333,70,17.01,4.322428571428573,6,33,4.242121212121211,1.1977423087960066,1.8827269977563235,1.1859237704754342,1.8649956051459486,20,1,3,1.0,1,1.0,High,2026-09-02
21.10441,72.65108,1.8,305.34,291.72,16,0.5333333333333333,68,17.01,4.38764705882353,6,31,4.379999999999999,0.801023114462584,0.801023114462584,0.5601320459478102,0.7372587319608774,5,13,4,1.0,1,1.0,High,2026-09-02
21.10537,72.64582,13.36,338.79,292.98,16,0.5333333333333333,70,17.01,4.322428571428573,6,33,4.242121212121211,0.5444114637374116,1.165901160641441,0.7792138351884669,1.0223114690564998,5,13,6,1.0,1,1.0,High,2026-09-02
21.11116,72.63615,3.17,312.42,292.67,16,0.5333333333333333,70,17.01,4.322428571428573,6,33,4.242121212121211,0.799767020919667,1.0163150393829719,0.6112789388067105,1.017426959077729,6,7,4,1.0,1,1.0,High,2026-09-02
21.16569,72.67112,3.52,316.32,291.74,1,0.03333333333333333,1,3.52,3.52,1,1,3.52,0.4550660856682243,0.7954757304756693,0.2099293755194573,1.0223096123737712,100,10,4,,0,0.31305958132045086,Low,2026-09-02
22.33454,69.86774,3.38,310.66,296.02,3,0.1,9,7.01,3.7011111111111106,1,2,2.82,0.27666488243703036,1.2718428737912466,0.5245118808697841,0.83869268366499,50,42,3,,0,0.4418357487922705,Moderate,2026-09-02
22.33987,69.85667,2.26,307.95,295.24,3,0.1,9,7.01,3.7011111111111106,1,2,2.82,0.15850555570912706,1.2133334194978114,0.29954420740881993,0.37946403022226627,53,35,1,,0,0.4391143317230274,Moderate,2026-09-02
22.92629,69.82218,1.74,305.4,293.72,1,0.03333333333333333,1,1.74,1.74,1,1,1.74,0.1881995014042377,,,,0,0,2,,0,0.25516908212560385,Low,2026-09-02
22.92994,69.69517,0.57,302.4,289.38,5,0.16666666666666666,9,3.08,1.5811111111111111,2,5,1.236,0.7710833929947138,0.7710833929947138,,,0,0,2,,1,0.8466666666666667,High,2026-09-02
22.93201,69.70352,1.56,305.43,292.37,5,0.16666666666666666,9,3.08,1.5811111111111111,2,5,1.236,0.12293198384748545,0.12293198384748545,,,0,0,2,,1,0.8439452495974235,High,2026-09-02
22.93265,69.69967,1.42,310.89,291.53,5,0.16666666666666666,9,3.08,1.5811111111111111,2,5,1.236,0.32589224855996607,0.32589224855996607,,,0,0,2,,1,0.8439452495974235,High,2026-09-02
22.93328,69.69582,1.42,318.9,292.01,5,0.16666666666666666,9,3.08,1.5811111111111111,2,5,1.236,0.7196155582550976,0.7196155582550976,,,0,0,2,,1,0.8466666666666667,High,2026-09-02
23.26631,70.25797,1.08,305.63,294.02,1,0.03333333333333333,1,1.08,1.08,1,1,1.08,0.2969120768773225,,,,0,0,1,,0,0.24971383335943073,Low,2026-09-02
23.4986,68.57943,1.01,306.78,291.89,1,0.03333333333333333,1,1.01,1.01,1,1,1.01,0.12220255695884802,0.19985587828758208,,0.1022009202461325,0,1,1,,0,0.2756543068866975,Low,2026-09-02
21.10192,72.63627,9.64,339.66,300.92,17,0.5666666666666667,81,17.01,4.520740740740741,6,40,4.57025,1.1744696104850778,1.9963770636789782,1.214291714294768,1.9624309988960704,20,1,3,1.0,1,1.0,High,2026-09-03
21.10363,72.64727,9.19,341.64,302.04,17,0.5666666666666667,81,17.01,4.520740740740741,6,40,4.57025,0.7841285490803352,1.1433993785214756,0.662478298335315,1.0327356765768083,11,13,5,1.0,1,1.0,High,2026-09-03
21.10691,72.6467,9.19,353.0,303.51,17,0.5666666666666667,81,17.01,4.520740740740741,6,40,4.57025,0.4499750171603223,1.0139288359794172,0.6971062226970668,0.85678790131609,5,13,6,1.0,1,1.0,High,2026-09-03
21.1085,72.63512,6.92,338.53,301.34,17,0.5666666666666667,81,17.01,4.520740740740741,6,40,4.57025,0.9062479786919422,1.3301590003188923,0.7876441007178607,1.3265570488411977,11,3,3,1.0,1,1.0,High,2026-09-03
21.16552,72.67063,5.56,343.59,300.03,2,0.06666666666666667,3,5.56,4.260000000000001,2,3,4.260000000000001,0.5020518950426833,0.8470955609904496,0.24063576996015604,0.9708146417204644,100,6,4,,0,0.4224476650563607,Moderate,2026-09-03
22.92853,70.10656,7.14,332.86,302.73,5,0.16666666666666666,6,12.98,7.728333333333334,2,3,9.546666666666667,1.065127671379911,,,,0,0,1,,1,0.780240531714793,High,2026-09-03
22.92924,70.1059,8.52,335.84,303.18,5,0.16666666666666666,6,12.98,7.728333333333334,2,3,9.546666666666667,1.1302769359552167,,,,0,0,1,,1,0.780240531714793,High,2026-09-03
23.30886,69.4185,5.76,333.65,301.35,1,0.03333333333333333,1,5.76,5.76,1,1,5.76,,,,,0,0,0,0.0,0,0.0,Low,2026-09-03
20.86645,70.5637,1.05,309.83,293.44,1,0.03333333333333333,1,1.05,1.05,1,1,1.05,0.6988749135038806,,,,0,0,1,,0,0.2518357487922705,Low,2026-09-03
20.91031,71.45869,1.67,316.39,294.64,5,0.16666666666666666,5,1.97,1.38,3,3,1.3233333333333333,0.36179516748692647,1.426130647605885,,1.6523108555811816,0,2,4,,1,0.8263929146537842,High,2026-09-03
21.10016,72.63646,6.12,332.79,294.58,17,0.5666666666666667,81,17.01,4.520740740740741,6,40,4.57025,1.3165206122398319,,1.263197135651186,,20,0,2,1.0,1,1.0,High,2026-09-03
21.10345,72.63704,2.86,333.77,294.36,17,0.5666666666666667,81,17.01,4.520740740740741,6,40,4.57025,0.9952461258877642,1.814189616015547,1.0269876098747182,1.777389767472983,20,5,4,1.0,1,1.0,High,2026-09-03
21.10502,72.64862,5.98,318.53,294.39,17,0.5666666666666667,81,17.01,4.520740740740741,6,40,4.57025,0.7395170600373864,0.9380560785012786,0.7043300751181213,0.8241846587889559,5,13,5,1.0,1,1.0,High,2026-09-03
21.10559,72.64497,5.98,336.85,296.19,17,0.5666666666666667,81,17.01,4.520740740740741,6,40,4.57025,0.49208327802434865,1.2353568994558146,0.7165152281792196,1.084606376909113,5,13,6,1.0,1,1.0,High,2026-09-03
21.10674,72.63763,2.86,308.49,294.77,17,0.5666666666666667,81,17.01,4.520740740740741,6,40,4.57025,0.722078481362956,1.4433107012318425,0.692912910717489,1.4082904772211544,12,7,6,1.0,1,1.0,High,2026-09-03
21.10831,72.64921,2.7,307.64,294.94,17,0.5666666666666667,80,17.01,4.53975,6,39,4.610512820512819,0.5937523255503957,0.7180255037364468,0.8207636916004285,0.5543719511623622,5,13,6,1.0,1,0.9972785829307569,High,2026-09-03
21.11061,72.63454,2.17,307.53,294.41,17,0.5666666666666667,81,17.01,4.520740740740741,6,40,4.57025,0.9572710963613145,1.1473360203752256,0.7828305246970476,1.1628812583119326,11,1,3,1.0,1,1.0,High,2026-09-03
21.16664,72.67046,3.7,322.83,294.07,2,0.06666666666666667,3,5.56,4.260000000000001,2,3,4.260000000000001,0.4307347070193403,0.8668832498372787,0.332707166814946,0.9650103467307727,100,9,4,,0,0.41972624798711755,Moderate,2026-09-03
21.62968,72.911,0.25,299.73,278.8,1,0.03333333333333333,1,0.25,0.25,1,1,0.25,,,,,0,0,0,0.0,0,0.0006119162640901771,Low,2026-09-03
22.33877,69.8551,4.3,308.15,295.5,4,0.13333333333333333,10,7.01,3.7609999999999992,2,3,3.313333333333333,0.31514126718657065,1.107077513642066,0.4488395786337609,0.36468856376654224,52,35,1,,1,0.5491143317230274,Moderate,2026-09-03
22.39963,69.01791,3.18,305.54,293.77,1,0.03333333333333333,1,3.18,3.18,1,1,3.18,0.11982343695822774,1.4764700332654843,0.2749997632973019,0.6272982903926071,6,2,0,,0,0.2616523307854481,Low,2026-09-03
22.41513,69.03777,3.19,309.75,293.26,2,0.06666666666666667,2,3.19,1.955,1,1,3.19,0.1518871623635195,,,,0,0,1,,0,0.25516908212560385,Low,2026-09-03
22.92464,69.82479,2.91,305.3,294.49,2,0.06666666666666667,2,2.91,2.325,2,2,2.325,0.38359227014356334,,,,0,0,2,,0,0.25516908212560385,Low,2026-09-03
22.93139,69.69586,3.15,308.31,293.95,6,0.2,12,3.15,1.7866666666666668,3,8,1.6737499999999998,0.683694120318262,0.683694120318262,,,0,0,2,,1,1.0,High,2026-09-03
22.93436,69.70084,2.03,309.93,293.97,6,0.2,12,3.15,1.7866666666666668,3,8,1.6737499999999998,0.37447341948116225,0.37447341948116225,,,0,0,2,,1,0.9972785829307569,High,2026-09-03
22.93496,69.69643,2.03,307.76,293.57,6,0.2,12,3.15,1.7866666666666668,3,8,1.6737499999999998,0.7414789667209801,0.7414789667209801,,,0,0,2,,1,1.0,High,2026-09-03
22.96819,72.55517,0.4,307.07,293.79,2,0.06666666666666667,2,1.16,0.78,1,1,0.4,0.32130833911500567,,,,0,0,2,,0,0.2518357487922705,Low,2026-09-03
23.11955,70.08704,3.51,324.6,294.09,1,0.03333333333333333,2,4.11,3.81,1,2,3.81,1.2208319122392945,1.7867973045374408,,,0,0,3,,0,0.283396460753075,Low,2026-09-03
23.1201,70.08562,4.11,326.09,294.36,1,0.03333333333333333,2,4.11,3.81,1,2,3.81,1.100120878218572,1.8800968302040515,,,0,0,3,,0,0.283396460753075,Low,2026-09-03
23.30512,70.47572,1.37,306.69,294.57,4,0.13333333333333333,5,1.95,1.558,1,2,1.5,0.24199653029072274,,,,0,0,4,,0,0.27638050002609743,Low,2026-09-03
23.30852,71.92302,0.58,302.05,283.2,1,0.03333333333333333,1,0.58,0.58,1,1,0.58,,,,,0,0,0,0.0,0,0.0028573477700258847,Low,2026-09-03
23.31438,70.48576,1.63,309.94,294.84,4,0.13333333333333333,5,1.95,1.558,1,2,1.5,0.4819135439438854,,,,0,0,4,,0,0.27638050002609743,Low,2026-09-03
24.69003,73.00208,1.68,312.72,293.86,7,0.23333333333333334,8,1.68,1.225,4,4,1.355,0.2365642072305794,1.4303822741724006,,,0,0,2,1.0,1,0.9813294194437977,High,2026-09-03
21.10295,72.63681,26.3,342.12,298.44,18,0.6,86,26.51,5.078837209302326,6,44,5.64,1.0519479279294257,1.87318738119626,1.0870527065668747,1.8372201841172262,20,3,4,1.0,1,1.0,High,2026-09-04
21.10447,72.64493,26.51,344.27,298.24,18,0.6,86,26.51,5.078837209302326,6,44,5.64,0.612321135459133,1.294128086760135,0.8294358466362403,1.154962958345978,11,13,6,1.0,1,1.0,High,2026-09-04
20.91005,71.45995,1.59,311.01,293.42,6,0.2,6,1.97,1.415,4,4,1.39,0.24581603726115367,1.3423613571556727,,1.5484229463557446,0,2,4,,1,0.9885024154589372,High,2026-09-04
21.10421,72.64756,8.22,332.4,293.92,18,0.6,86,26.51,5.078837209302326,6,44,5.64,0.7433744966000156,1.0800630826358117,0.6900810168470737,0.9652502360987691,10,13,5,1.0,1,1.0,High,2026-09-04
21.10486,72.64244,5.9,309.95,291.22,18,0.6,86,26.51,5.078837209302326,6,44,5.64,0.5721942590802832,1.5086171157071406,0.7310406638912816,1.3540288309319513,10,13,6,1.0,1,1.0,High,2026-09-04
21.10807,72.64812,3.67,317.42,292.51,18,0.6,86,26.51,5.078837209302326,6,44,5.64,0.4967711178067084,0.8341126426953296,0.7330380236132262,0.6684582602039632,5,13,6,1.0,1,1.0,High,2026-09-04
21.43282,72.97475,2.19,306.16,291.24,3,0.1,4,2.19,1.7574999999999998,2,2,1.65,1.7346386175420068,,,,0,0,0,,0,0.08880821847592986,Low,2026-09-04
22.41646,69.03892,2.29,304.38,291.66,3,0.1,3,3.19,2.066666666666667,2,2,2.74,0.049961614335187546,,,,0,0,1,,0,0.25217262822489467,Low,2026-09-04
22.93105,69.69788,4.33,309.78,292.98,7,0.23333333333333334,14,4.7,2.1764285714285716,4,10,2.242,0.4782101788802355,0.4782101788802355,,,0,0,2,1.0,1,0.9972785829307569,High,2026-09-04
22.93502,69.69705,4.7,306.21,292.3,7,0.23333333333333334,14,4.7,2.1764285714285716,4,10,2.242,0.6926609608177288,0.6926609608177288,,,0,0,2,1.0,1,1.0,High,2026-09-04
21.09986,72.63612,0.87,301.42,286.78,18,0.6,86,26.51,4.851279069767442,6,32,6.8843749999999995,1.3641065232015999,,1.2170795930829763,,20,0,2,1.0,1,1.0,High,2026-09-05
21.10406,72.64688,3.22,311.77,290.06,18,0.6,86,26.51,4.851279069767442,6,32,6.8843749999999995,0.7230660795049795,1.1467992497033028,0.7249158831921375,1.027105993561274,10,13,5,1.0,1,1.0,High,2026-09-05
21.1044,72.64349,2.29,308.08,287.78,18,0.6,86,26.51,4.851279069767442,6,32,6.8843749999999995,0.60791573728387,1.4303735053388908,0.7954179613701554,1.2841689371341096,11,13,6,1.0,1,1.0,High,2026-09-05
21.10248,72.64528,4.62,336.07,287.71,19,0.6333333333333333,90,26.51,4.805666666666666,6,31,6.72774193548387,0.836416739815317,1.384775499813879,0.7558696852969344,1.2685359617064007,13,13,5,1.0,1,1.0,High,2026-09-06
21.10568,72.64432,7.04,346.09,288.81,19,0.6333333333333333,90,26.51,4.805666666666666,6,31,6.72774193548387,0.4690257293630851,1.293575876134682,0.6811867791922093,1.1389312804130338,5,13,6,1.0,1,1.0,High,2026-09-06
22.49434,70.02252,4.24,334.17,295.48,1,0.03333333333333333,1,4.24,4.24,1,1,4.24,,,,,0,0,1,,0,0.07333333333333333,Low,2026-09-06
23.17906,68.86296,7.71,341.75,298.62,1,0.03333333333333333,2,9.5,8.605,1,2,8.605,,,,,0,0,0,0.0,0,0.0006119162640901771,Low,2026-09-06
23.1795,68.86138,9.5,345.87,298.93,1,0.03333333333333333,2,9.5,8.605,1,2,8.605,,,,,0,0,0,0.0,0,0.0006119162640901771,Low,2026-09-06
21.10587,72.64745,1.82,308.43,284.69,19,0.6333333333333333,90,26.51,4.805666666666666,6,31,6.72774193548387,0.5879778198977825,0.9901338932107845,0.8347122902912862,0.8518610089605977,5,13,6,1.0,1,1.0,High,2026-09-06
21.10685,72.64314,1.82,298.83,284.33,19,0.6333333333333333,90,26.51,4.805666666666666,6,31,6.72774193548387,0.34057262397324506,1.368204007390567,0.5212937997241845,1.199329488695985,5,13,6,1.0,1,1.0,High,2026-09-06
22.93151,69.70107,1.36,302.36,292.14,8,0.26666666666666666,15,4.7,2.1220000000000003,5,11,2.1618181818181816,0.15088172087883678,0.15088172087883678,,,0,0,2,1.0,1,1.0,High,2026-09-06
23.22736,69.83858,4.47,335.03,305.42,1,0.03333333333333333,1,4.47,4.47,1,1,4.47,,,,,0,0,0,0.0,0,0.0,Low,2026-09-07
21.10306,72.63672,18.55,338.43,304.32,18,0.6,100,26.51,4.796899999999999,6,43,6.006046511627907,1.0494944264461483,1.8629240934591984,1.0811999922899707,1.8278262178296194,20,3,4,1.0,1,1.0,High,2026-09-08
21.10469,72.648,6.1,339.09,304.87,18,0.6,100,26.51,4.796899999999999,6,43,6.006046511627907,0.7257278427311163,1.0115977902803046,0.7057268173595237,0.8951734453889268,6,13,5,1.0,1,1.0,High,2026-09-08
21.10802,72.64745,6.1,345.05,306.03,18,0.6,100,26.51,4.796899999999999,6,43,6.006046511627907,0.43658641613608806,0.9026973890854901,0.6772210652084089,0.7348741791068775,5,13,6,1.0,1,1.0,High,2026-09-08
22.6441,70.74747,5.6,345.0,301.73,1,0.03333333333333333,1,5.6,5.6,1,1,5.6,0.1685122247938838,,,,0,0,1,,0,0.25516908212560385,Low,2026-09-08
22.9283,70.10589,8.42,338.6,308.02,6,0.2,7,12.98,7.827142857142858,2,3,8.026666666666666,1.0268601837828362,,,,0,0,1,,1,0.780240531714793,High,2026-09-08
22.93446,69.6957,2.78,333.52,300.99,8,0.26666666666666666,15,4.7,2.102,5,11,2.3045454545454542,0.7795236708853431,0.7795236708853431,,,0,0,2,1.0,1,1.0,High,2026-09-08
23.02547,71.60612,5.45,335.77,300.71,1,0.03333333333333333,1,5.45,5.45,1,1,5.45,,,,,0,0,0,0.0,0,0.0,Low,2026-09-08
23.04588,70.13788,13.02,338.51,301.42,1,0.03333333333333333,1,13.02,13.02,1,1,13.02,0.43366833708459923,,,,0,0,1,,0,0.24611787782231814,Low,2026-09-08
23.32236,73.02036,4.23,333.37,298.97,1,0.03333333333333333,1,4.23,4.23,1,1,4.23,,,,,0,0,0,0.0,0,0.001034013605442177,Low,2026-09-08
24.96146,68.29283,5.38,337.08,307.58,2,0.06666666666666667,2,16.84,11.11,1,1,5.38,,,,,0,0,0,0.0,0,0.013500483014827237,Low,2026-09-08
21.83302,72.65292,2.09,319.91,294.46,1,0.03333333333333333,1,2.09,2.09,1,1,2.09,0.20863959432903648,,,,0,0,0,,0,0.1847958451960432,Low,2026-09-08
23.25705,70.26215,2.15,310.22,294.01,2,0.06666666666666667,2,2.15,1.615,2,2,1.615,0.7539042198513823,,,,0,0,1,,0,0.25304716669276406,Low,2026-09-08
23.31549,70.48596,1.86,312.78,295.94,5,0.16666666666666666,6,1.95,1.6083333333333334,2,3,1.62,0.4308805503182765,,,,0,0,4,,1,0.7830471666927641,High,2026-09-08
23.42921,68.7126,1.97,305.09,293.48,1,0.03333333333333333,1,1.97,1.97,1,1,1.97,0.1646749026952639,0.1646749026952639,,0.24348574576208412,0,2,0,,0,0.2142470563516947,Low,2026-09-08
24.82075,73.09358,1.32,313.84,296.53,3,0.1,3,1.72,1.32,1,1,1.32,0.3992381091640292,0.6986504216952969,,0.6991479164137379,0,1,1,,0,0.280443751166825,Low,2026-09-08
20.91085,71.46191,0.81,307.85,295.65,7,0.23333333333333334,8,1.97,1.26375,4,5,1.1940000000000002,0.2797828895373207,1.3590074755826818,,1.5131821548892845,0,2,4,1.0,1,0.9972785829307569,High,2026-09-08
20.91144,71.45822,0.81,306.58,295.57,7,0.23333333333333334,8,1.97,1.26375,4,5,1.1940000000000002,0.48137443124654533,1.5411844742437313,,1.780578797474723,0,2,4,1.0,1,1.0,High,2026-09-08
21.10085,72.6372,2.33,306.97,291.08,18,0.6,100,26.51,4.796899999999999,6,43,6.006046511627907,1.2097991141278033,,1.2782880161643209,,20,0,2,1.0,1,1.0,High,2026-09-08
21.10228,72.64941,3.13,308.29,290.33,18,0.6,100,26.51,4.796899999999999,6,43,6.006046511627907,1.0284067320125654,1.0943086231699484,0.40260852310748324,1.0264502164620033,12,12,4,1.0,1,1.0,High,2026-09-08
21.10292,72.64555,3.13,316.94,290.84,18,0.6,100,26.51,4.796899999999999,6,43,6.006046511627907,0.7946278331795978,1.3329552985107396,0.7550244764702065,1.214439893667381,13,13,5,1.0,1,1.0,High,2026-09-08
21.10357,72.64169,1.45,307.13,291.43,18,0.6,100,26.51,4.796899999999999,6,43,6.006046511627907,0.7310871467477398,1.6386618846672438,0.8740181799438519,1.4917170806431448,19,10,6,1.0,1,1.0,High,2026-09-08
21.105,72.65392,3.04,307.63,295.67,17,0.5666666666666667,87,26.51,4.857586206896551,6,40,5.89975,0.5977861262889604,0.5977861262889604,0.6593116942440919,0.597770276033123,5,12,4,1.0,1,1.0,High,2026-09-08
21.10565,72.65005,3.13,311.3,292.86,18,0.6,99,26.51,4.815050505050505,6,43,6.006046511627907,0.7779098988795317,0.7779098988795317,0.7161889010342719,0.674454398740715,5,13,5,1.0,1,1.0,High,2026-09-08
21.10629,72.64619,3.13,338.63,294.58,18,0.6,100,26.51,4.796899999999999,6,43,6.006046511627907,0.47194677931861156,1.0883725646706472,0.715206846266926,0.9361137676460196,5,13,6,1.0,1,1.0,High,2026-09-08
21.10694,72.64233,1.45,308.96,291.91,18,0.6,100,26.51,4.796899999999999,6,43,6.006046511627907,0.35607581983581965,1.415642621369261,0.49948486999350866,1.2757927592165201,5,13,6,1.0,1,1.0,High,2026-09-08
21.10758,72.63847,1.45,308.96,294.62,18,0.6,100,26.51,4.796899999999999,6,43,6.006046511627907,0.6020935958262396,1.3374797557484057,0.5652467016288651,1.295926008076618,12,9,6,1.0,1,1.0,High,2026-09-08
21.10966,72.64683,3.46,308.17,295.71,18,0.6,100,26.51,4.796899999999999,6,43,6.006046511627907,0.32200669015440714,0.939149406244711,0.5345524757659326,0.7532690797997007,5,13,6,1.0,1,1.0,High,2026-09-08
21.10098,72.63618,18.08,341.29,302.17,19,0.6333333333333333,103,26.51,5.230582524271844,6,39,6.958974358974358,1.2607426056794007,,1.2798244322584784,,20,0,2,1.0,1,1.0,High,2026-09-09
21.10459,72.63547,18.08,341.13,301.83,19,0.6333333333333333,103,26.51,5.230582524271844,6,39,6.958974358974358,1.0385080796848445,1.7280219068066167,1.0204537075191193,1.7061463893743618,12,1,3,1.0,1,1.0,High,2026-09-09
21.10615,72.64445,22.9,339.46,304.57,19,0.6333333333333333,103,26.51,5.230582524271844,6,39,6.958974358974358,0.41943974271434037,1.2621581492980176,0.6376233106052526,1.1034443205123734,5,13,6,1.0,1,1.0,High,2026-09-09
22.78133,69.45798,6.85,343.61,299.06,1,0.03333333333333333,1,6.85,6.85,1,1,6.85,,,,,0,0,0,0.0,0,0.0,Low,2026-09-09
22.92812,70.10755,7.38,339.98,304.08,7,0.23333333333333334,8,12.98,7.77125,3,4,7.864999999999999,1.0487303515703141,,,,0,0,1,1.0,1,0.9884047829225225,High,2026-09-09
23.04061,69.77237,3.61,330.06,302.82,1,0.03333333333333333,1,3.61,3.61,1,1,3.61,,,,,0,0,0,0.0,0,0.0,Low,2026-09-09
23.0556,69.65101,5.63,341.33,301.22,1,0.03333333333333333,1,5.63,5.63,1,1,5.63,,,,,0,0,0,0.0,0,0.0,Low,2026-09-09
24.82092,73.09148,1.51,308.04,297.03,4,0.13333333333333333,4,1.72,1.3675,2,2,1.415,0.302244600346922,0.6161802530915874,,0.6032369610711231,0,1,1,,0,0.28711041783349167,Low,2026-09-09
20.91109,71.4589,2.43,315.52,294.87,8,0.26666666666666666,9,2.43,1.3933333333333333,4,5,1.4620000000000002,0.4046481742855193,1.4933143542743743,,1.7064540919497306,0,2,4,1.0,1,1.0,High,2026-09-09
21.69824,72.54119,0.34,309.48,294.41,1,0.03333333333333333,1,0.34,0.34,1,1,0.34,0.5165793639313689,,0.24417619277588407,,31,0,3,,0,0.2851690821256039,Low,2026-09-09
22.33609,69.86825,3.88,306.67,295.83,5,0.16666666666666666,12,7.01,3.7841666666666662,2,3,4.033333333333333,0.18813475805768926,1.407246382880532,0.3808143019431345,0.8379278113064285,58,39,3,,1,0.8085024154589372,High,2026-09-09
22.33755,69.85572,3.92,307.43,296.21,5,0.16666666666666666,12,7.01,3.7841666666666662,2,3,4.033333333333333,0.1671784223397196,0.9633091066279079,0.29898837734315636,0.4661990836452831,55,38,1,,1,0.8057809983896941,High,2026-09-09
22.4166,69.04057,3.8,311.53,293.83,4,0.13333333333333333,4,3.8,2.5,3,3,3.0933333333333337,0.18381581774907627,,,,0,0,1,,1,0.5385024154589372,Moderate,2026-09-09
22.9316,69.70322,1.18,306.17,294.01,9,0.3,18,4.7,2.0116666666666667,5,10,2.506,0.07430535776583669,0.07430535776583669,,,0,0,2,1.0,1,1.0,High,2026-09-09
22.93211,69.69884,1.75,313.33,294.1,9,0.3,18,4.7,2.0116666666666667,5,10,2.506,0.38720491212089964,0.38720491212089964,,,0,0,2,1.0,1,1.0,High,2026-09-09
22.93262,69.69446,1.75,306.52,293.4,9,0.3,18,4.7,2.0116666666666667,5,10,2.506,0.8385377873427537,0.8385377873427537,,,0,0,2,1.0,1,1.0,High,2026-09-09
23.31435,70.48582,1.72,308.67,294.72,6,0.2,7,1.95,1.6242857142857143,3,4,1.645,0.4774822125184107,,,,0,0,4,,1,0.9791019170953407,High,2026-09-09
24.44698,72.75267,1.14,306.87,294.19,1,0.03333333333333333,1,1.14,1.14,1,1,1.14,0.6106962050536849,,,,0,0,0,,0,0.18807529030742107,Low,2026-09-09
21.10014,72.63404,36.33,336.61,298.34,20,0.6666666666666666,109,36.33,5.763394495412844,6,34,8.742647058823529,1.3420345817153234,,1.0411671412002348,,20,0,1,1.0,1,1.0,High,2026-09-10
21.10247,72.64529,9.05,342.82,295.75,20,0.6666666666666666,110,36.33,5.738636363636362,6,35,8.579714285714285,0.8377074089620052,1.3846297349647394,0.7544426211055534,1.2685689553871127,13,13,5,1.0,1,1.0,High,2026-09-10
21.10725,72.6442,9.05,331.63,298.17,20,0.6666666666666666,110,36.33,5.738636363636362,6,35,8.579714285714285,0.29449052217909905,1.2505331506473816,0.5155183286203942,1.0808512324893236,5,13,6,1.0,1,1.0,High,2026-09-10
23.22733,69.83443,6.36,353.5,299.98,2,0.06666666666666667,3,6.36,5.73,2,3,5.73,,,,,0,0,0,,0,0.11441442562964743,Low,2026-09-10
23.22823,69.83833,6.36,335.21,298.63,2,0.06666666666666667,3,6.36,5.73,2,3,5.73,,,,,0,0,0,,0,0.11475130506227153,Low,2026-09-10
22.93333,69.69787,2.41,307.85,292.78,10,0.3333333333333333,21,4.7,2.027619047619048,5,10,2.4219999999999997,0.5249047111854789,0.5249047111854789,,,0,0,2,1.0,1,1.0,High,2026-09-10
23.32822,70.2144,0.77,303.81,292.08,1,0.03333333333333333,1,0.77,0.77,1,1,0.77,,,,,0,0,2,,0,0.07121141790049353,Low,2026-09-10
20.73184,70.91271,1.42,310.91,291.29,1,0.03333333333333333,2,1.42,1.415,1,2,1.415,,,,,0,0,0,0.0,0,0.0011812115988549634,Low,2026-09-10
20.73192,70.91265,1.41,311.32,291.44,1,0.03333333333333333,2,1.42,1.415,1,2,1.415,,,,,0,0,0,0.0,0,0.0011812115988549634,Low,2026-09-10
20.91126,71.4586,0.84,299.5,274.83,9,0.3,10,2.43,1.3379999999999999,4,5,1.296,0.4395920107342749,1.524106145866682,,1.7404528612061394,0,2,4,1.0,1,1.0,High,2026-09-10
21.10214,72.64581,9.84,318.94,292.62,20,0.6666666666666666,110,36.33,5.738636363636362,6,35,8.579714285714285,0.8852999423464111,1.365625277151496,0.6898074364622973,1.2572056657863888,13,13,4,1.0,1,1.0,High,2026-09-10
21.10329,72.63512,13.9,343.31,293.5,20,0.6666666666666666,110,36.33,5.738636363636362,6,35,8.579714285714285,1.1543213918473816,1.8769651930396336,1.1544196437126424,1.854219339062802,20,1,3,1.0,1,1.0,High,2026-09-10
21.10685,72.64638,9.84,341.61,294.57,20,0.6666666666666666,110,36.33,5.738636363636362,6,35,8.579714285714285,0.4330980728053602,1.0473992806989305,0.6794712726872316,0.8894041169991571,5,13,6,1.0,1,1.0,High,2026-09-10
21.11273,72.63628,4.49,308.44,293.3,20,0.6666666666666666,109,36.33,5.763394495412844,6,34,8.742647058823529,0.8363261552924002,0.8534258233484256,0.6145042109911809,0.8659845979943311,4,9,5,1.0,1,1.0,High,2026-09-10
22.93134,69.69849,1.88,304.45,291.68,10,0.3333333333333333,21,4.7,2.027619047619048,5,10,2.4219999999999997,0.4143808889592398,0.4143808889592398,,,0,0,2,1.0,1,1.0,High,2026-09-10
22.93361,69.70084,2.08,302.36,291.72,10,0.3333333333333333,21,4.7,2.027619047619048,5,10,2.4219999999999997,0.303071028562981,0.303071028562981,,,0,0,2,1.0,1,1.0,High,2026-09-10
23.0551,69.99067,1.78,302.86,291.71,1,0.03333333333333333,1,1.78,1.78,1,1,1.78,,,,,0,0,0,0.0,0,0.0012114179004935307,Low,2026-09-10
21.09986,72.63593,16.4,367.0,292.5,21,0.7,120,36.33,5.894583333333333,6,40,7.644749999999999,1.375611968476447,,1.1992218639455856,,20,0,2,1.0,1,1.0,High,2026-09-11
21.10254,72.64712,16.69,332.28,291.89,21,0.7,120,36.33,5.894583333333333,6,40,7.644749999999999,0.8867710251662791,1.2342318938196857,0.5956414948789632,1.1343742591530845,13,13,4,1.0,1,1.0,High,2026-09-11
21.10432,72.6347,9.4,328.58,289.42,21,0.7,120,36.33,5.894583333333333,6,40,7.644749999999999,1.1215718908709835,1.7805519469045763,1.0968340634429872,1.7638694909704085,12,1,3,1.0,1,1.0,High,2026-09-11
21.1052,72.64534,9.33,331.35,290.15,21,0.7,120,36.33,5.894583333333333,6,40,7.644749999999999,0.5445645551924444,1.2189037644342045,0.7722504187157531,1.0743421478264519,7,13,6,1.0,1,1.0,High,2026-09-11
22.93165,69.69714,4.55,335.59,300.53,11,0.36666666666666664,24,4.7,2.0425,5,11,1.9663636363636365,0.5534466278386729,0.5534466278386729,,,0,0,2,1.0,1,1.0,High,2026-09-11
23.40523,71.8103,7.8,332.64,292.92,1,0.03333333333333333,1,7.8,7.8,1,1,7.8,,,,,0,0,0,0.0,0,0.001034013605442177,Low,2026-09-11
24.35433,69.38046,1.42,331.47,300.44,1,0.03333333333333333,1,1.42,1.42,1,1,1.42,,,,,0,0,0,0.0,0,0.0,Low,2026-09-11
21.10294,72.64367,5.81,335.0,279.99,21,0.7,120,36.33,5.894583333333333,6,40,7.644749999999999,0.7697638566543502,1.4929770002382248,0.9284859362678065,1.3611959989642128,13,13,6,1.0,1,1.0,High,2026-09-11
21.10339,72.63818,3.16,302.27,279.23,21,0.7,120,36.33,5.894583333333333,6,40,7.644749999999999,0.921865571118244,1.8036119921544507,0.9787673478106234,1.757988005229407,20,7,5,1.0,1,1.0,High,2026-09-11
21.10385,72.63268,3.16,302.78,279.84,21,0.7,119,36.33,5.918571428571428,6,39,7.7628205128205146,1.3272913211060846,1.9052849037988973,1.07314309851808,1.9016796329111725,11,1,2,1.0,1,1.0,High,2026-09-11
21.10931,72.64422,5.81,302.54,280.23,21,0.7,120,36.33,5.894583333333333,6,40,7.644749999999999,0.07950340970100478,1.210124414585029,0.3264293428144583,1.0267172206715958,5,13,6,1.0,1,1.0,High,2026-09-11
21.16521,72.6657,8.02,336.35,281.14,3,0.1,10,8.96,6.347999999999999,1,7,7.242857142857142,0.3923816755575415,0.3923816755575415,0.6739617652552576,0.4592135856048266,100,5,5,,1,0.5845571658615136,Moderate,2026-09-11
21.16739,72.67079,5.82,304.39,280.95,3,0.1,10,8.96,6.347999999999999,1,7,7.242857142857142,0.35722850251816135,0.8446561911137703,0.3793135515863342,1.0077183381574952,100,9,4,,1,0.5872785829307569,Moderate,2026-09-11
21.16783,72.66529,8.96,338.24,281.21,3,0.1,10,8.96,6.347999999999999,1,7,7.242857142857142,0.4054798070934206,0.4054798070934206,0.8504526076569524,0.44551824193991807,100,5,5,,1,0.5845571658615136,Moderate,2026-09-11
20.90911,71.45748,1.27,302.22,285.49,10,0.3333333333333333,11,2.43,1.3318181818181818,4,5,1.232,0.4239388456341722,1.3794272097344968,,1.640531201546547,0,2,4,1.0,1,1.0,High,2026-09-11
21.1023,72.64445,4.61,325.85,275.78,21,0.7,120,36.33,5.894583333333333,6,40,7.644749999999999,0.8441798603236079,1.4657363290633307,0.8256532777272266,1.3449769949636767,13,13,5,1.0,1,1.0,High,2026-09-11
21.10851,72.64623,1.73,300.23,275.96,21,0.7,120,36.33,5.894583333333333,6,40,7.644749999999999,0.2994746295076471,1.0150466766707147,0.5424254337667435,0.8383734039315861,5,13,6,1.0,1,1.0,High,2026-09-11
21.16195,72.67301,7.13,331.97,275.71,3,0.1,10,8.96,6.347999999999999,1,7,7.242857142857142,0.6852831304310028,0.7456227038649608,0.014283248580009301,1.2669882109677584,100,7,4,,1,0.5870035460992907,Moderate,2026-09-11
21.16321,72.66759,5.75,306.16,276.2,3,0.1,10,8.96,6.347999999999999,1,7,7.242857142857142,0.5457972825306248,0.6526964021612466,0.40794561569803917,0.6883284526499448,100,5,4,,1,0.59,Moderate,2026-09-11
21.16448,72.67401,7.51,335.15,276.94,3,0.1,10,8.96,6.347999999999999,1,7,7.242857142857142,0.4934770562005602,0.5213395784775813,0.049235521447554394,1.3237335384658573,100,15,5,,1,0.5870035460992907,Moderate,2026-09-11
21.16577,72.6686,7.51,324.7,276.16,3,0.1,10,8.96,6.347999999999999,1,7,7.242857142857142,0.644605649841827,0.6860444809574291,0.4446272776500648,0.761990902050966,100,5,5,,1,0.59,Moderate,2026-09-11
22.3335,69.86754,1.92,305.97,288.91,6,0.2,14,7.01,3.52,2,4,2.9174999999999995,0.3784282867045335,1.161060121280316,0.6218085885488486,0.8126310863045338,49,42,3,,1,0.8472785829307569,High,2026-09-11
22.33359,69.86769,1.95,305.68,288.86,6,0.2,14,7.01,3.52,2,4,2.9174999999999995,0.37318955000237675,1.1719707541168702,0.6041559285922041,0.8071190288603555,49,42,3,,1,0.8472785829307569,High,2026-09-11
22.93052,69.69683,0.79,309.17,290.64,11,0.36666666666666664,24,4.7,2.0425,5,11,1.9663636363636365,0.5920692293171393,0.5920692293171393,,,0,0,2,1.0,1,1.0,High,2026-09-11
22.93487,69.70141,1.1,303.23,289.85,11,0.36666666666666664,24,4.7,2.0425,5,11,1.9663636363636365,0.4052181130002225,0.4052181130002225,,,0,0,1,1.0,1,1.0,High,2026-09-11
23.11865,70.08547,2.13,318.92,288.45,2,0.06666666666666667,3,4.11,3.25,1,1,2.13,1.0416243779468737,1.7297185208279235,,,0,0,3,,0,0.2846078786535685,Low,2026-09-11
23.31297,70.1991,0.85,305.38,294.24,2,0.06666666666666667,2,1.04,0.9450000000000001,1,1,0.85,,,,,0,0,3,,0,0.07365905900693134,Low,2026-09-11
24.68875,73.00188,1.46,303.27,286.3,7,0.23333333333333334,8,1.68,1.27625,1,1,1.46,0.37935666937698076,1.5737130034827418,,,0,0,2,,1,0.6892199186386446,Moderate,2026-09-11
22.85335,69.71429,3.25,334.46,298.41,1,0.03333333333333333,1,3.25,3.25,1,1,3.25,1.613476025595045,,,,0,0,1,,0,0.23578099838969402,Low,2026-09-12
23.05704,69.18311,3.99,336.55,300.52,1,0.03333333333333333,1,3.99,3.99,1,1,3.99,,,,,0,0,0,0.0,0,0.0,Low,2026-09-12
23.2305,69.8563,7.15,337.99,302.25,3,0.1,3,7.15,5.993333333333333,3,3,5.993333333333333,1.9547211137902032,,,,0,0,0,,0,0.3623189561043145,Low,2026-09-12
23.70831,68.89656,6.33,338.83,305.09,1,0.03333333333333333,2,6.33,5.79,1,2,5.79,,,,,0,0,1,,0,0.07023241590214067,Low,2026-09-12
23.7121,68.89597,5.25,338.73,305.82,1,0.03333333333333333,2,6.33,5.79,1,2,5.79,,,,,0,0,1,,0,0.07023241590214067,Low,2026-09-12
24.82654,68.06606,15.75,342.1,311.04,2,0.06666666666666667,3,15.75,10.69,1,2,14.27,,,,,0,0,0,0.0,0,0.013225446183361174,Low,2026-09-12
24.83513,68.07449,12.79,348.36,315.85,2,0.06666666666666667,3,15.75,10.69,1,2,14.27,,,,,0,0,0,0.0,0,0.013225446183361174,Low,2026-09-12
23.12085,70.08622,4.83,344.08,299.37,3,0.1,4,4.83,3.645,2,2,3.48,1.107273188230448,1.9458635296189635,,,0,0,3,,0,0.2835738650481264,Low,2026-09-13
23.92739,71.50553,3.85,335.21,298.9,1,0.03333333333333333,1,3.85,3.85,1,1,3.85,,1.6951262042075521,,,0,0,2,,0,0.0988392948915613,Low,2026-09-13
24.82068,69.28185,2.19,334.57,299.96,1,0.03333333333333333,1,2.19,2.19,1,1,2.19,,,,,0,0,0,0.0,0,0.0,Low,2026-09-13
22.92599,69.82516,0.47,304.23,283.69,3,0.1,3,2.91,1.7066666666666668,1,1,0.47,0.2839272127366817,,,,0,0,2,,0,0.2518357487922705,Low,2026-09-13
22.91131,69.69718,1.29,313.18,273.92,1,0.03333333333333333,1,1.29,1.29,1,1,1.29,,,,,0,0,2,,0,0.07,Low,2026-09-13
22.93136,69.70407,0.41,296.7,270.8,12,0.4,27,4.7,1.875185185185185,5,13,1.6830769230769234,0.15708324584640648,0.15708324584640648,,,0,0,2,1.0,1,1.0,High,2026-09-13
22.93194,69.70036,0.6,298.33,268.87,12,0.4,27,4.7,1.875185185185185,5,13,1.6830769230769234,0.23149950346353693,0.23149950346353693,,,0,0,2,1.0,1,1.0,High,2026-09-13
22.93252,69.69664,0.6,304.4,266.81,12,0.4,27,4.7,1.875185185185185,5,13,1.6830769230769234,0.617054780272707,0.617054780272707,,,0,0,2,1.0,1,1.0,High,2026-09-13
24.80513,68.06436,2.89,335.76,299.26,1,0.03333333333333333,1,2.89,2.89,1,1,2.89,,,,,0,0,0,0.0,0,0.0,Low,2026-09-14
23.10709,70.18809,0.74,302.97,287.06,1,0.03333333333333333,1,0.74,0.74,1,1,0.74,0.07120872719603054,,,,0,0,2,,0,0.25304716669276406,Low,2026-09-15
21.10093,72.63773,10.36,333.3,288.09,21,0.7,133,36.33,6.219924812030074,3,31,9.419032258064519,1.1723315159259509,,1.2494160533810779,1.9953245129527537,20,1,3,1.0,1,0.9972785829307569,High,2026-09-16
21.10293,72.64663,9.72,351.22,288.4,21,0.7,133,36.33,6.219924812030074,3,31,9.419032258064519,0.8273415873318662,1.2440261038738825,0.6622483096849443,1.1349587183905792,13,13,5,1.0,1,1.0,High,2026-09-16
21.10809,72.6454,5.98,327.86,288.41,21,0.7,133,36.33,6.219924812030074,3,31,9.419032258064519,0.26216311992809443,1.1082640404913118,0.5090847281525313,0.9338345521128811,5,13,6,1.0,1,1.0,High,2026-09-16
21.10353,72.63415,20.71,331.29,285.73,21,0.7,132,36.33,6.24401515151515,3,31,9.419032258064519,1.2182376292821995,1.8821369063831317,1.191854593992431,1.8671111617678444,19,1,3,1.0,1,0.9972785829307569,High,2026-09-16
21.10406,72.63354,9.4,330.31,285.69,21,0.7,132,36.33,6.24401515151515,3,31,9.419032258064519,1.2387078229510153,1.8491056974743854,1.1622471103012073,1.8401845339791094,12,1,2,1.0,1,0.9972785829307569,High,2026-09-16
21.10458,72.64769,10.05,332.4,285.82,21,0.7,133,36.33,6.219924812030074,3,31,9.419032258064519,0.7165673774175345,1.0448182447178078,0.7142367224597591,0.9265380926679909,9,13,5,1.0,1,1.0,High,2026-09-16
21.10502,72.64709,21.6,333.5,285.94,21,0.7,133,36.33,6.219924812030074,3,31,9.419032258064519,0.6412243388749388,1.0695716680845566,0.7908612560702146,0.9397156741073678,5,13,5,1.0,1,1.0,High,2026-09-16
21.1031,72.64552,5.78,349.0,287.88,21,0.7,133,36.33,6.219924812030074,3,31,9.419032258064519,0.7744475806972021,1.323659015754365,0.7681768142217636,1.20303843892159,13,13,5,1.0,1,1.0,High,2026-09-16
21.10351,72.64121,5.78,305.27,287.29,21,0.7,133,36.33,6.219924812030074,3,31,9.419032258064519,0.753297944668491,1.6863825481224077,0.8841150754808511,1.5380353194940524,19,9,6,1.0,1,1.0,High,2026-09-16
21.10384,72.64803,7.6,315.2,288.0,21,0.7,133,36.33,6.219924812030074,3,31,9.419032258064519,0.8044252986220706,1.0677165827953234,0.627444420325628,0.962892425678362,10,13,5,1.0,1,1.0,High,2026-09-16
21.10422,72.64373,5.17,342.27,288.06,21,0.7,133,36.33,6.219924812030074,3,31,9.419032258064519,0.6274063532341845,1.4171134349901058,0.820050580024295,1.2737611999579583,12,13,6,1.0,1,1.0,High,2026-09-16
21.1046,72.63942,5.17,303.53,287.36,21,0.7,133,36.33,6.219924812030074,3,31,9.419032258064519,0.7366231783293099,1.6592327095932229,0.8058210427870799,1.6049941471935125,20,8,6,1.0,1,1.0,High,2026-09-16
21.10888,72.64607,3.66,313.11,288.02,21,0.7,133,36.33,6.219924812030074,3,31,9.419032258064519,0.26586157870737226,1.0253442291253692,0.5050680437370055,0.8450546744259786,5,13,6,1.0,1,1.0,High,2026-09-16
21.11076,72.63569,2.41,304.28,287.98,21,0.7,133,36.33,6.219924812030074,3,31,9.419032258064519,0.8403104210160183,1.0766778950287967,0.6624159596051444,1.0805560138125645,8,6,4,1.0,1,1.0,High,2026-09-16
21.27078,72.86748,1.94,312.73,287.61,1,0.03333333333333333,1,1.94,1.94,1,1,1.94,,,,,0,0,0,0.0,0,0.0006119162640901771,Low,2026-09-16
22.338,69.85641,2.58,302.93,287.4,6,0.2,14,7.01,3.5557142857142865,2,3,2.15,0.18475497641384384,1.006575043328731,0.327896615136697,0.39794541917517423,55,38,1,,1,0.8057809983896941,High,2026-09-16
21.10415,72.64495,13.62,367.0,294.08,21,0.7,133,36.33,6.306766917293233,3,25,8.5244,0.6476060511356135,1.3097887539436939,0.8634263144083694,1.1740958902195346,11,13,6,1.0,1,1.0,High,2026-09-17
21.43321,72.97856,0.93,308.3,288.51,4,0.13333333333333333,5,2.19,1.5919999999999999,1,1,0.93,1.9645490315323033,,,,0,0,0,,0,0.11275346807335336,Low,2026-09-17
22.41638,69.03901,2.81,316.43,292.33,5,0.16666666666666666,5,3.8,2.5620000000000003,1,1,2.81,0.04257438729610572,,,,0,0,1,,1,0.5555059615582281,Moderate,2026-09-17
22.93113,69.69793,5.33,328.66,291.32,12,0.4,28,5.33,2.0460714285714285,3,8,2.115,0.4725052187695945,0.4725052187695945,,,0,0,2,1.0,1,1.0,High,2026-09-17
22.93195,69.6959,3.54,327.82,291.57,12,0.4,28,5.33,2.0460714285714285,3,8,2.115,0.6825801796035994,0.6825801796035994,,,0,0,2,1.0,1,1.0,High,2026-09-17
24.58661,69.89914,1.45,335.24,302.39,1,0.03333333333333333,1,1.45,1.45,1,1,1.45,,,,,0,0,0,0.0,0,0.0,Low,2026-09-18
24.69019,73.00034,1.89,304.94,291.26,7,0.23333333333333334,8,1.89,1.34125,1,1,1.89,0.3205108922950603,1.4622541114260097,,,0,0,2,,1,0.6892199186386446,Moderate,2026-09-18
20.86811,70.5649,1.46,308.39,294.97,2,0.06666666666666667,2,1.46,1.255,1,1,1.46,0.5451027979813429,,,,0,0,1,,0,0.25516908212560385,Low,2026-09-18
21.10294,72.64542,3.86,322.73,292.1,22,0.7333333333333333,135,36.33,6.270518518518519,3,17,8.513529411764708,0.7893694217230847,1.342501408636487,0.7677399985461987,1.2227419870837655,13,13,5,1.0,1,1.0,High,2026-09-18
21.10682,72.64626,3.86,303.15,291.37,22,0.7333333333333333,135,36.33,6.270518518518519,3,17,8.513529411764708,0.427948336371442,1.0602399751559453,0.6738115323614334,0.9020302977762893,5,13,6,1.0,1,1.0,High,2026-09-18
22.34033,69.85338,4.1,308.02,296.67,7,0.23333333333333334,15,7.01,3.5920000000000005,2,2,3.34,0.5002233593590796,1.3162619126827106,0.5686649461803287,0.21020246314750662,51,35,1,,1,0.7018357487922705,High,2026-09-18
22.41642,69.03915,3.68,326.98,296.35,6,0.2,6,3.8,2.7483333333333335,2,2,3.245,0.05227298029723674,,,,0,0,1,,1,0.6786798197539885,Moderate,2026-09-18
22.42868,69.83318,2.11,308.69,295.56,1,0.03333333333333333,1,2.11,2.11,1,1,2.11,0.26918072805063636,0.9022851537092508,1.6795579934239298,1.157352515858958,22,1,5,,0,0.31305958132045086,Low,2026-09-18
22.93288,69.6994,1.72,307.38,295.81,13,0.43333333333333335,30,5.33,1.992,3,7,1.85,0.3620757178400603,0.3620757178400603,,,0,0,2,1.0,1,1.0,High,2026-09-18
22.93352,69.69555,0.75,305.25,295.21,13,0.43333333333333335,30,5.33,1.992,3,7,1.85,0.7540912154798666,0.7540912154798666,,,0,0,2,1.0,1,1.0,High,2026-09-18
23.31459,70.19907,0.97,305.72,294.36,2,0.06666666666666667,2,0.97,0.9099999999999999,1,1,0.97,,,,,0,0,3,,0,0.07365905900693134,Low,2026-09-18
23.31558,70.48722,1.22,308.14,293.69,6,0.2,7,1.86,1.52,1,1,1.22,0.30205201961198935,,,,0,0,3,,1,0.6730471666927641,Moderate,2026-09-18
23.49606,68.57867,2.19,312.05,297.59,2,0.06666666666666667,2,2.19,1.6,1,1,2.19,0.27902273261863103,0.3875686704105053,,0.3345833248422686,0,1,1,,0,0.2789876402200308,Low,2026-09-18
21.10114,72.63794,2.63,333.54,299.47,22,0.7333333333333333,138,36.33,6.2368840579710145,4,23,7.861739130434782,1.140991238734913,,1.2198789602363813,1.9644939816730547,20,3,3,1.0,1,1.0,High,2026-09-19
21.10443,72.63737,2.63,333.88,300.09,22,0.7333333333333333,138,36.33,6.2368840579710145,4,23,7.861739130434782,0.8947748363369715,1.700934673251162,0.9159873467627776,1.6633238406520483,20,7,5,1.0,1,1.0,High,2026-09-19
21.10557,72.64471,14.49,338.65,303.22,22,0.7333333333333333,138,36.33,6.2368840579710145,4,23,7.861739130434782,0.4879260183442213,1.2609760404261978,0.7075272263442429,1.109177022691192,5,13,6,1.0,1,1.0,High,2026-09-19
21.7934,72.64744,1.7,330.13,296.83,1,0.03333333333333333,1,1.7,1.7,1,1,1.7,0.25446864713906836,,,,0,0,0,,0,0.1847958451960432,Low,2026-09-19
24.69052,73.0022,3.64,330.66,303.68,8,0.26666666666666666,9,3.64,1.5966666666666667,2,2,2.765,0.18091981479413688,1.3745644924062623,,,0,0,2,,1,0.6898733084970035,Moderate,2026-09-19
24.85863,71.67764,3.43,337.08,306.1,1,0.03333333333333333,1,3.43,3.43,1,1,3.43,,,,,0,0,0,0.0,0,0.0,Low,2026-09-19
20.86592,70.56622,1.46,310.71,293.17,3,0.1,3,1.46,1.3233333333333333,2,2,1.46,0.48315417807620503,,,,0,0,1,,0,0.25516908212560385,Low,2026-09-19
20.90999,71.45925,2.67,308.28,290.96,11,0.36666666666666664,12,2.67,1.4433333333333334,1,1,2.67,0.29395788497598246,1.3676187652987297,,1.587871153871537,0,2,4,,1,0.7045571658615137,High,2026-09-19
21.10307,72.63648,12.14,343.07,294.18,22,0.7333333333333333,138,36.33,6.2368840579710145,4,23,7.861739130434782,1.0661161188505661,1.8667399968398106,1.0931628825310176,1.833446724171164,20,2,3,1.0,1,1.0,High,2026-09-19
21.10965,72.63765,2.1,314.84,293.53,22,0.7333333333333333,138,36.33,6.2368840579710145,4,23,7.861739130434782,0.6314904239671856,1.126091133739369,0.4958841082177299,1.099890888009363,7,9,6,1.0,1,1.0,High,2026-09-19
21.11022,72.63399,2.1,308.77,292.94,22,0.7333333333333333,136,36.33,6.293014705882352,4,23,7.861739130434782,1.0114909044664138,1.2139310837306883,0.8453011935139286,1.23211869270568,11,1,3,1.0,1,1.0,High,2026-09-19
21.82505,73.11562,1.43,305.82,292.01,1,0.03333333333333333,1,1.43,1.43,1,1,1.43,0.24433867773043486,0.24433867773043486,0.13369620682750402,0.13415619305035734,3,6,1,,0,0.3103381642512077,Low,2026-09-19
22.41538,69.03821,1.3,310.72,294.98,7,0.23333333333333334,7,3.8,2.541428571428572,3,3,2.5966666666666667,0.09971016458496412,,,,0,0,1,1.0,1,0.9585024154589373,High,2026-09-19
22.93181,69.69495,0.8,306.21,295.4,14,0.4666666666666667,31,5.33,1.953548387096774,4,8,1.71875,0.7783760105170175,0.7783760105170175,,,0,0,2,1.0,1,1.0,High,2026-09-19
23.26647,70.25735,0.98,307.02,295.69,3,0.1,3,2.15,1.4033333333333333,1,1,0.98,0.23193752846256177,,,,0,0,1,,0,0.24971383335943073,Low,2026-09-19
23.30538,70.47689,0.94,306.5,296.05,7,0.23333333333333334,9,1.86,1.4188888888888889,2,3,1.1166666666666667,0.3076580818227364,,,,0,0,4,,1,0.7884900008312504,High,2026-09-19
23.31377,70.20007,0.7,307.01,295.9,3,0.1,3,0.97,0.8399999999999999,2,2,0.835,,,,,0,0,3,,0,0.07399593843955546,Low,2026-09-19
23.31463,70.48689,1.19,309.87,295.99,7,0.23333333333333334,9,1.86,1.4188888888888889,2,3,1.1166666666666667,0.3648018197476799,,,,0,0,4,,1,0.7884900008312504,High,2026-09-19
20.35541,72.94892,3.31,304.77,293.3,1,0.03333333333333333,1,3.31,3.31,1,1,3.31,1.8067026406836995,,,1.2264906586525677,0,1,3,,0,0.1663929146537842,Low,2026-09-19
21.10245,72.63662,11.08,336.23,291.99,23,0.7666666666666667,146,36.33,6.4750000000000005,5,31,8.563870967741936,1.106279311505182,1.9314888099714165,1.1451221155963462,1.896016643897085,20,1,3,1.0,1,1.0,High,2026-09-20
21.10446,72.6474,7.57,335.91,293.82,23,0.7666666666666667,146,36.33,6.4750000000000005,5,31,8.563870967741936,0.7110082783259187,1.0770604581211634,0.7221117899985647,0.9573872366657739,10,13,5,1.0,1,1.0,High,2026-09-20
22.61695,71.29906,4.81,336.33,294.47,1,0.03333333333333333,1,4.81,4.81,1,1,4.81,,,,,0,0,0,0.0,0,0.0,Low,2026-09-20
24.97551,68.15724,14.14,341.31,305.6,1,0.03333333333333333,2,14.14,14.14,1,2,14.14,,,,,0,0,0,0.0,0,0.0019546724478357604,Low,2026-09-20
24.97676,68.16306,14.14,342.73,306.49,1,0.03333333333333333,2,14.14,14.14,1,2,14.14,,,,,0,0,0,0.0,0,0.0019546724478357604,Low,2026-09-20
24.82063,73.09285,1.22,305.37,295.07,4,0.13333333333333333,4,1.72,1.4425,1,1,1.22,0.37195462528157874,0.6821213275357495,,0.677804639949884,0,1,1,,0,0.28711041783349167,Low,2026-09-20
21.09946,72.65231,4.59,325.74,292.07,23,0.7666666666666667,132,36.33,6.78689393939394,5,28,8.984642857142857,1.2350316353077566,1.2350316353077566,0.05480050893604088,1.2330157991971238,13,12,4,1.0,1,0.9970035460992908,High,2026-09-20
21.1014,72.63703,15.69,339.84,291.99,23,0.7666666666666667,146,36.33,6.4750000000000005,5,31,8.563870967741936,1.170039449706054,,1.229616089470165,1.9990855459392907,20,1,3,1.0,1,1.0,High,2026-09-20
21.1046,72.64269,6.99,331.21,291.43,23,0.7666666666666667,146,36.33,6.4750000000000005,5,31,8.563870967741936,0.5950783695561391,1.4961877123417304,0.761775723484198,1.3447394542900684,11,13,6,1.0,1,1.0,High,2026-09-20
21.10779,72.64835,24.76,317.05,292.2,23,0.7666666666666667,146,36.33,6.4750000000000005,5,31,8.563870967741936,0.5314549428447144,0.8201631595252659,0.7695575524866798,0.659877234844632,5,13,6,1.0,1,1.0,High,2026-09-20
21.10844,72.64324,6.99,309.98,290.59,23,0.7666666666666667,146,36.33,6.4750000000000005,5,31,8.563870967741936,0.1662388129361367,1.2718000387295432,0.3544876068192439,1.1424837722485137,5,13,6,1.0,1,1.0,High,2026-09-20
21.10909,72.63815,6.99,305.26,289.73,23,0.7666666666666667,146,36.33,6.4750000000000005,5,31,8.563870967741936,0.5855167178745665,1.1765722695406673,0.47940994342532006,1.1423605637891643,7,9,6,1.0,1,1.0,High,2026-09-20
22.20829,70.80259,3.02,326.13,290.79,1,0.03333333333333333,1,3.02,3.02,1,1,3.02,0.5701360685581665,,,,0,0,4,,0,0.25516908212560385,Low,2026-09-20
21.10234,72.63669,5.05,336.55,287.54,23,0.7666666666666667,154,36.33,6.393051948051949,6,41,7.633170731707317,1.1106317224263769,1.9421485984255338,1.1522834890416909,1.9059833686743093,20,1,3,1.0,1,1.0,High,2026-09-21
21.10388,72.64375,3.98,330.75,287.27,23,0.7666666666666667,154,36.33,6.393051948051949,6,41,7.633170731707317,0.665214757977427,1.4330047282238487,0.8574448618437428,1.2929537477099005,13,13,6,1.0,1,1.0,High,2026-09-21
21.10465,72.64726,3.98,330.13,287.18,23,0.7666666666666667,154,36.33,6.393051948051949,6,41,7.633170731707317,0.6853899462823096,1.0770079184148853,0.7476717666283232,0.9535122899416698,10,13,5,1.0,1,1.0,High,2026-09-21
24.81771,68.0358,8.52,339.01,299.81,1,0.03333333333333333,2,8.52,8.52,1,2,8.52,,,,,0,0,0,0.0,0,0.0006119162640901771,Low,2026-09-21
24.81807,68.04063,8.52,350.7,302.05,1,0.03333333333333333,2,8.52,8.52,1,2,8.52,,,,,0,0,0,0.0,0,0.0006119162640901771,Low,2026-09-21
21.09934,72.63538,3.76,337.37,288.03,23,0.7666666666666667,153,36.33,6.414967320261438,6,41,7.633170731707317,1.4446229481370398,,1.1230249436706752,,20,0,0,1.0,1,0.9693066424934446,High,2026-09-21
21.10283,72.65279,2.42,305.71,288.43,23,0.7666666666666667,143,36.33,6.606993006993006,6,38,7.845263157894738,0.864998547813622,0.864998547813622,0.39374887576183165,0.8556504447501014,5,12,4,1.0,1,1.0,High,2026-09-21
21.10353,72.64609,9.61,352.73,288.62,23,0.7666666666666667,154,36.33,6.393051948051949,6,41,7.633170731707317,0.7453601565491106,1.2477409988586545,0.7471322973973554,1.127167801755739,13,13,5,1.0,1,1.0,High,2026-09-21
21.10387,72.64271,8.42,306.32,287.93,23,0.7666666666666667,154,36.33,6.393051948051949,6,41,7.633170731707317,0.6747286448698628,1.5290609147410015,0.8428261344271404,1.3839774074435203,13,13,6,1.0,1,1.0,High,2026-09-21
21.10457,72.63596,3.76,315.04,287.79,23,0.7666666666666667,154,36.33,6.393051948051949,6,41,7.633170731707317,0.9982746754155594,1.716610624539403,0.988964614018418,1.6907623079117255,12,2,3,1.0,1,1.0,High,2026-09-21
21.10875,72.64665,3.16,315.42,288.48,23,0.7666666666666667,154,36.33,6.393051948051949,6,41,7.633170731707317,0.3268569337806164,0.9677689419626058,0.5634281813262696,0.7895689629465683,5,13,6,1.0,1,1.0,High,2026-09-21
21.11014,72.63313,3.34,309.43,287.63,23,0.7666666666666667,150,36.33,6.484533333333334,6,39,7.844871794871796,1.100352471335117,1.2703953804651564,0.9348095216108581,1.295938927206326,11,1,3,1.0,1,1.0,High,2026-09-21
23.3151,70.19904,1.39,304.85,293.04,4,0.13333333333333333,4,1.39,0.9774999999999998,3,3,1.0199999999999998,,,,,0,0,3,,0,0.3573292717728888,Low,2026-09-21
20.35464,72.95059,1.34,304.82,286.21,2,0.06666666666666667,3,3.31,1.8333333333333333,2,3,1.8333333333333333,,,,1.3374737467189821,0,1,3,,0,0.19006310346981878,Low,2026-09-21
20.35591,72.94979,0.85,311.67,286.09,2,0.06666666666666667,3,3.31,1.8333333333333333,2,3,1.8333333333333333,1.8590141799117323,,,1.1829607719521669,0,1,3,,0,0.27329199722259157,Low,2026-09-21
22.93455,69.6979,3.9,318.3,292.61,15,0.5,32,5.33,2.0143750000000002,4,6,2.673333333333334,0.5915524391798271,0.5915524391798271,,,0,0,2,1.0,1,1.0,High,2026-09-21
23.49759,68.57926,1.52,307.13,294.72,3,0.1,4,2.19,1.5125000000000002,2,3,1.68,0.12659262315635395,0.2595722830914205,,0.17884033366513033,0,1,1,,0,0.3856543068866975,Low,2026-09-21
23.49897,68.57855,1.33,304.55,294.31,3,0.1,4,2.19,1.5125000000000002,2,3,1.68,0.10136843001096986,0.10136843001096986,,0.01098084116166872,0,1,1,,0,0.38232097355336414,Low,2026-09-21
22.41556,69.03933,1.59,310.22,288.56,8,0.26666666666666666,8,3.8,2.4225000000000003,4,4,2.345,0.06691747871526493,,,,0,0,1,1.0,1,1.0,High,2026-09-21
21.10189,72.63525,7.32,333.37,290.2,23,0.7666666666666667,150,36.33,6.542066666666666,7,46,7.317391304347825,1.2491273084572416,,1.2366003826314746,1.9965776650022544,20,1,3,1.0,1,1.0,High,2026-09-22
24.38188,69.46255,7.3,337.12,301.87,1,0.03333333333333333,1,7.3,7.3,1,1,7.3,,,,,0,0,0,0.0,0,0.0,Low,2026-09-22
24.99821,68.23438,2.66,334.89,305.84,1,0.03333333333333333,1,2.66,2.66,1,1,2.66,,,,,0,0,0,0.0,0,0.0,Low,2026-09-22
21.1041,72.63371,1.98,300.15,270.75,23,0.7666666666666667,149,36.33,6.565570469798658,7,46,7.317391304347825,1.2213490199547414,1.8385015047784075,1.1798364350789599,1.8284857908547747,12,1,3,1.0,1,1.0,High,2026-09-22
20.90905,71.45935,1.09,304.86,287.63,12,0.4,13,2.67,1.416153846153846,2,2,1.88,0.23424280879428588,1.2702910060497752,,1.501278262929473,0,2,4,,1,0.7045571658615137,High,2026-09-22
21.10158,72.63599,7.02,345.31,288.75,23,0.7666666666666667,150,36.33,6.542066666666666,7,46,7.317391304347825,1.2220502595127878,,1.2615186360513793,,20,0,3,1.0,1,1.0,High,2026-09-22
21.10532,72.64621,3.68,319.68,286.49,23,0.7666666666666667,150,36.33,6.542066666666666,7,46,7.317391304347825,0.5666743262963718,1.132433733112321,0.8050381007690507,0.9919813555745205,5,13,6,1.0,1,1.0,High,2026-09-22
21.10728,72.63753,3.64,304.96,288.64,23,0.7666666666666667,150,36.33,6.542066666666666,7,46,7.317391304347825,0.704662637063891,1.3862855580999933,0.6563389065539639,1.3536294447009878,12,7,6,1.0,1,1.0,High,2026-09-22
22.41307,69.04001,0.69,306.19,294.62,9,0.3,10,3.8,2.1050000000000004,5,6,1.8416666666666668,0.34639920125708223,,,,0,0,1,1.0,1,1.0,High,2026-09-22
22.41753,69.0411,0.98,310.1,294.66,9,0.3,10,3.8,2.1050000000000004,5,6,1.8416666666666668,0.28232575124662157,,,,0,0,1,1.0,1,1.0,High,2026-09-22
24.81712,73.09222,0.77,299.62,289.12,4,0.13333333333333333,5,1.51,1.1179999999999999,2,3,0.9199999999999999,0.7306794931381579,1.0452165727016145,,1.0319943108387317,0,1,1,,0,0.40649850156940154,Moderate,2026-09-22
24.82249,73.094,0.77,304.36,293.51,4,0.13333333333333333,5,1.51,1.1179999999999999,2,3,0.9199999999999999,0.30831173796510336,0.5571522574583255,,0.5680712177304085,0,1,1,,0,0.4010556674309152,Moderate,2026-09-22
21.10326,72.63518,9.71,343.46,299.24,23,0.7666666666666667,143,36.33,6.8469930069930065,7,37,6.914054054054055,1.1516340858215084,1.8784550049437054,1.153185971090097,1.8551927730268023,20,1,3,1.0,1,1.0,High,2026-09-23
21.10473,72.64751,9.08,343.56,299.7,23,0.7666666666666667,143,36.33,6.8469930069930065,7,37,6.914054054054055,0.6922239462411214,1.0505498596182898,0.738767614537898,0.9284344237599086,7,13,5,1.0,1,1.0,High,2026-09-23
22.417,69.04057,3.86,338.06,307.13,10,0.3333333333333333,13,3.86,2.2753846153846156,6,9,2.1755555555555555,0.2039400262475496,,,,0,0,1,1.0,1,1.0,High,2026-09-23
24.00624,71.30584,1.12,330.69,305.43,1,0.03333333333333333,2,4.45,2.785,1,2,2.785,,,,,0,0,0,0.0,0,0.0005692953347647862,Low,2026-09-23
24.01024,71.30527,4.45,341.76,306.38,1,0.03333333333333333,2,4.45,2.785,1,2,2.785,,,,,0,0,0,0.0,0,0.0008443321662308499,Low,2026-09-23
24.21608,72.29987,4.06,331.13,305.55,1,0.03333333333333333,3,34.08,22.070000000000004,1,3,22.070000000000004,0.366641208386519,,,,0,0,2,,0,0.36611787782231814,Low,2026-09-23
24.21687,72.29862,34.08,348.44,308.0,1,0.03333333333333333,3,34.08,22.070000000000004,1,3,22.070000000000004,0.46628305216618077,,,,0,0,2,,0,0.36611787782231814,Low,2026-09-23
24.22035,72.29929,28.07,336.74,309.02,1,0.03333333333333333,3,34.08,22.070000000000004,1,3,22.070000000000004,0.8417779735352895,,,,0,0,2,,0,0.36611787782231814,Low,2026-09-23
24.29911,69.45913,5.45,337.11,310.75,1,0.03333333333333333,1,5.45,5.45,1,1,5.45,,,,,0,0,0,0.0,0,0.0,Low,2026-09-23
24.39395,69.55573,5.81,339.35,313.41,1,0.03333333333333333,1,5.81,5.81,1,1,5.81,,,,,0,0,0,0.0,0,0.0,Low,2026-09-23
24.86415,69.18114,7.8,340.48,312.2,1,0.03333333333333333,1,7.8,7.8,1,1,7.8,,,,,0,0,0,0.0,0,0.0,Low,2026-09-23
24.69162,73.00175,1.7,307.71,296.87,8,0.26666666666666666,8,3.64,1.76375,3,3,2.41,0.11227420598929319,1.2672609605663112,,,0,0,2,1.0,1,0.9486080023745547,High,2026-09-23
20.90861,71.4605,2.22,308.25,293.22,12,0.4,13,2.67,1.4353846153846155,3,3,1.9933333333333334,0.1056387563027618,1.1729248126384286,,1.386909341273952,0,2,3,1.0,1,0.9612238325281803,High,2026-09-23
21.10174,72.63547,7.99,340.95,296.33,23,0.7666666666666667,143,36.33,6.8469930069930065,7,37,6.914054054054055,1.2451999695177223,,1.254481716770779,,20,0,3,1.0,1,1.0,High,2026-09-23
21.10433,72.64516,13.4,349.35,297.07,23,0.7666666666666667,143,36.33,6.8469930069930065,7,37,6.914054054054055,0.6327246575710361,1.2809194276736724,0.8527447441482017,1.1446807385879774,11,13,6,1.0,1,1.0,High,2026-09-23
21.1086,72.64614,2.43,313.21,296.39,23,0.7666666666666667,143,36.33,6.8469930069930065,7,37,6.914054054054055,0.2864031720131777,1.0226145224412326,0.5289659776062456,0.8449285679742691,5,13,6,1.0,1,1.0,High,2026-09-23
22.36418,73.11755,8.91,344.55,296.51,1,0.03333333333333333,1,8.91,8.91,1,1,8.91,1.2666632728002682,1.2666632728002682,0.5321284766356178,,54,0,2,,0,0.30400837701716515,Low,2026-09-23
22.41532,69.0399,2.88,320.34,298.66,10,0.3333333333333333,13,3.86,2.2753846153846156,6,9,2.1755555555555555,0.12841694188284689,,,,0,0,1,1.0,1,1.0,High,2026-09-23
22.41878,69.0406,1.79,312.01,298.35,10,0.3333333333333333,13,3.86,2.2753846153846156,6,9,2.1755555555555555,0.35406696411023963,,,,0,0,1,1.0,1,1.0,High,2026-09-23
22.93182,69.70041,1.52,308.82,298.45,15,0.5,32,5.33,2.0231250000000003,5,8,2.385,0.2232530937775614,0.2232530937775614,,,0,0,2,1.0,1,1.0,High,2026-09-23
22.93258,69.69608,1.52,315.49,298.68,15,0.5,32,5.33,2.0231250000000003,5,8,2.385,0.6745673265335663,0.6745673265335663,,,0,0,2,1.0,1,1.0,High,2026-09-23
23.25508,70.26201,3.13,330.16,298.35,4,0.13333333333333333,4,3.13,1.835,2,2,2.0549999999999997,0.8614886895007877,,,,0,0,1,,0,0.2585024154589372,Low,2026-09-23
23.49771,68.57907,1.54,315.33,300.41,4,0.13333333333333333,6,2.19,1.455,3,5,1.544,0.14143259772148015,0.23722417044811447,,0.1594206133280069,0,1,1,,1,0.7077638076918504,High,2026-09-23
23.49903,68.57841,1.14,311.71,299.65,4,0.13333333333333333,6,2.19,1.455,3,5,1.544,0.08568369126191869,0.08568369126191869,,0.016553766998567324,0,1,1,,1,0.7077638076918504,High,2026-09-23
21.10322,72.63692,26.55,337.13,296.52,24,0.8,152,36.33,6.853421052631579,7,45,6.773333333333335,1.0222926653229159,1.8415832900355924,1.0553513513735704,1.805280034972974,20,4,4,1.0,1,1.0,High,2026-09-24
21.10432,72.64445,5.68,335.33,297.61,24,0.8,152,36.33,6.853421052631579,7,45,6.773333333333335,0.6207537841241593,1.3458469401297477,0.8286249646783121,1.205395366332482,11,13,6,1.0,1,1.0,High,2026-09-24
21.1082,72.64767,5.68,335.4,300.11,24,0.8,152,36.33,6.853421052631579,7,45,6.773333333333335,0.4482465967547886,0.8756885892361608,0.6855889620093114,0.7063895773679513,5,13,6,1.0,1,1.0,High,2026-09-24
21.10989,72.63582,4.19,332.52,296.71,24,0.8,151,36.33,6.868410596026491,7,44,6.822954545454547,0.820884862871801,1.1595230881186975,0.666978253651739,1.156255428160873,11,7,4,1.0,1,1.0,High,2026-09-24
22.41573,69.03867,3.96,338.08,307.18,11,0.36666666666666664,17,4.85,2.4205882352941175,6,12,2.361666666666667,0.03913554690572257,,,,0,0,1,1.0,1,0.9970035460992908,High,2026-09-24
22.41631,69.03874,4.85,340.38,307.34,11,0.36666666666666664,17,4.85,2.4205882352941175,6,12,2.361666666666667,0.037041965445137756,,,,0,0,1,1.0,1,0.9970035460992908,High,2026-09-24
23.83114,70.28083,3.79,340.51,313.7,1,0.03333333333333333,1,3.79,3.79,1,1,3.79,,,,,0,0,0,0.0,0,0.0,Low,2026-09-24
24.44929,71.40038,5.89,348.83,318.2,1,0.03333333333333333,1,5.89,5.89,1,1,5.89,,,,,0,0,0,0.0,0,0.0,Low,2026-09-24
22.31353,69.85732,1.18,309.2,297.0,1,0.03333333333333333,1,1.18,1.18,1,1,1.18,0.7082343749339033,1.450812757961544,0.8932103078794016,1.2885925137491039,23,24,2,,0,0.31578099838969403,Low,2026-09-24
22.37461,72.47674,0.67,311.96,296.45,1,0.03333333333333333,1,0.67,0.67,1,1,0.67,,,,,0,0,0,0.0,0,0.0,Low,2026-09-24
22.40045,69.02074,2.16,308.59,298.17,2,0.06666666666666667,2,3.18,2.67,1,1,2.16,0.19158791902096595,1.6223058728669437,0.30212290620263554,0.6390360260698467,6,2,0,,0,0.2628297947495161,Low,2026-09-24
22.41527,69.03957,2.05,320.3,298.16,11,0.36666666666666664,17,4.85,2.4205882352941175,6,12,2.361666666666667,0.10745638170332708,,,,0,0,1,1.0,1,1.0,High,2026-09-24
22.41869,69.04013,0.71,310.16,297.48,11,0.36666666666666664,17,4.85,2.4205882352941175,6,12,2.361666666666667,0.32363798274117206,,,,0,0,1,1.0,1,1.0,High,2026-09-24
22.93351,69.70295,1.31,309.17,298.12,16,0.5333333333333333,34,5.33,1.9811764705882358,5,8,1.60375,0.24098934176596803,0.24098934176596803,,,0,0,1,1.0,1,1.0,High,2026-09-24
22.93407,69.69906,1.31,319.9,298.57,16,0.5333333333333333,34,5.33,1.9811764705882358,5,8,1.60375,0.4652180301099956,0.4652180301099956,,,0,0,2,1.0,1,1.0,High,2026-09-24
23.26666,70.25809,0.84,308.71,297.91,5,0.16666666666666666,5,3.13,1.636,3,3,1.6499999999999997,0.30646848652535713,,,,0,0,1,,1,0.8197138333594307,High,2026-09-24
23.3141,70.48811,1.61,311.21,298.1,6,0.2,8,1.86,1.4425,3,4,1.24,0.2948654403664473,,,,0,0,3,,1,0.984544751233827,High,2026-09-24
23.40779,72.41864,2.32,306.86,295.84,1,0.03333333333333333,1,2.32,2.32,1,1,2.32,0.45080384126860185,,,,0,0,0,,0,0.18704127670197893,Low,2026-09-24
24.69099,73.00126,2.07,308.12,297.26,9,0.3,9,3.64,1.7977777777777777,4,4,2.325,0.19215662873590159,1.3485129610156008,,,0,0,2,1.0,1,0.9840508365130408,High,2026-09-24
24.81914,73.0939,1.35,307.86,297.78,5,0.16666666666666666,7,1.51,1.1842857142857142,3,5,1.0919999999999999,0.5678611764133179,0.8750889974731849,,0.8726855437334533,0,1,1,,1,0.9752746690412213,High,2026-09-24
24.81978,73.09007,1.35,308.99,297.96,5,0.16666666666666666,7,1.51,1.1842857142857142,3,5,1.0919999999999999,0.44311419013817277,0.7371592282745527,,0.7146269548488333,0,1,1,,1,0.9715192383665359,High,2026-09-24
20.90948,71.46121,0.63,310.26,297.83,12,0.4,14,2.67,1.3599999999999999,4,5,1.464,0.12710342726782733,1.2347494326551043,,1.4208263340559244,0,2,4,1.0,1,1.0,High,2026-09-24
20.91007,71.45753,0.71,313.48,297.84,12,0.4,14,2.67,1.3599999999999999,4,5,1.464,0.4522117235867636,1.464698305703151,,1.712541091006866,0,2,4,1.0,1,1.0,High,2026-09-24
21.103,72.63773,4.61,329.76,298.57,24,0.8,152,36.33,6.853421052631579,7,45,6.773333333333335,0.9849374020223788,1.8524347015474951,1.037722750089971,1.809699178822172,20,7,4,1.0,1,1.0,High,2026-09-24
21.10364,72.63388,4.61,308.87,296.46,24,0.8,151,36.33,6.878675496688742,7,45,6.773333333333335,1.2343012141212935,1.8800891299535272,1.1718829441969048,1.8673421134081662,14,1,3,1.0,1,0.9970035460992908,High,2026-09-24
21.10508,72.6461,3.74,338.49,299.27,24,0.8,152,36.33,6.853421052631579,7,45,6.773333333333335,0.5857113407957913,1.1550952360483773,0.8217493417936826,1.016750014557715,7,13,6,1.0,1,1.0,High,2026-09-24
21.10845,72.64675,3.74,313.64,297.94,24,0.8,152,36.33,6.853421052631579,7,45,6.773333333333335,0.3501218964344827,0.9631459945736903,0.5902847327796068,0.7881867882151998,5,13,6,1.0,1,1.0,High,2026-09-24
21.11037,72.63515,3.8,323.39,297.99,24,0.8,149,36.33,6.923959731543625,7,43,6.925348837209302,0.8921658593990506,1.1403290857345905,0.7238531370531408,1.1476205019535939,11,3,3,1.0,1,0.9970035460992908,High,2026-09-24
21.09977,72.65229,3.44,332.49,301.41,24,0.8,145,36.33,7.025379310344828,7,49,6.839387755102041,1.2028252773987271,1.2028252773987271,0.06564673856506441,1.1995116673232824,13,12,4,1.0,1,0.9940070921985815,High,2026-09-25
21.10101,72.63819,5.5,334.78,302.27,24,0.8,161,36.33,6.68136645962733,7,55,6.381454545454544,1.1400048893740071,,1.2247473807719969,1.950220069347973,20,3,3,1.0,1,1.0,High,2026-09-25
21.10461,72.63748,5.38,334.96,301.99,24,0.8,161,36.33,6.68136645962733,7,55,6.381454545454544,0.8728729479088108,1.6792967514186985,0.8929655037537719,1.6411167624492482,18,7,5,1.0,1,1.0,High,2026-09-25
21.10619,72.64642,23.31,344.71,305.16,24,0.8,161,36.33,6.68136645962733,7,55,6.381454545454544,0.49438931542755876,1.0708093331850295,0.7385593464167409,0.9210753376013864,5,13,6,1.0,1,1.0,High,2026-09-25
21.69298,73.23695,6.96,341.04,298.47,1,0.03333333333333333,1,6.96,6.96,1,1,6.96,,,,,0,0,0,0.0,0,0.0,Low,2026-09-25
21.88546,73.69077,2.8,332.31,299.67,1,0.03333333333333333,1,2.8,2.8,1,1,2.8,0.26982493473615293,,,,0,0,0,,0,0.1847958451960432,Low,2026-09-25
22.8181,69.40692,3.84,336.39,304.56,1,0.03333333333333333,1,3.84,3.84,1,1,3.84,,,,,0,0,1,,0,0.07333333333333333,Low,2026-09-25
22.91738,69.46445,2.73,335.0,305.36,1,0.03333333333333333,1,2.73,2.73,1,1,2.73,,,,,0,0,0,0.0,0,0.0,Low,2026-09-25
23.00401,70.06116,6.74,343.98,308.39,1,0.03333333333333333,1,6.74,6.74,1,1,6.74,,,,,0,0,0,0.0,0,0.0,Low,2026-09-25
24.80509,68.03191,7.26,342.42,307.88,2,0.06666666666666667,3,8.52,8.1,2,3,8.1,,,,,0,0,0,,0,0.11418200972750672,Low,2026-09-25
21.1001,72.63693,2.87,328.81,276.8,24,0.8,161,36.33,6.68136645962733,7,55,6.381454545454544,1.2947855925187326,,1.3045563336871175,,20,0,2,1.0,1,1.0,High,2026-09-25
21.10069,72.63265,1.68,304.63,276.58,24,0.8,157,36.33,6.765668789808918,7,52,6.5486538461538455,1.2200165891297954,,0.9432445468602962,,20,0,1,1.0,1,1.0,High,2026-09-25
21.10245,72.646,3.78,305.9,277.07,24,0.8,161,36.33,6.68136645962733,7,55,6.381454545454544,0.8571028246793053,1.3284047523004034,0.6883785060548718,1.2185538140045145,13,13,4,1.0,1,1.0,High,2026-09-25
21.10304,72.64174,1.14,302.26,276.9,24,0.8,161,36.33,6.68136645962733,7,55,6.381454545454544,0.7862944615121437,1.6608692334461992,0.932719682886018,1.5183618762496778,19,9,6,1.0,1,1.0,High,2026-09-25
21.10364,72.63747,1.14,312.04,276.87,24,0.8,161,36.33,6.68136645962733,7,55,6.381454545454544,0.949146207414068,1.7859358892113075,0.9866307699996446,1.7461478562714652,20,7,4,1.0,1,1.0,High,2026-09-25
21.10423,72.6332,0.74,302.99,276.49,24,0.8,157,36.33,6.765668789808918,7,52,6.5486538461538455,1.2594419005789792,1.8450389341267395,1.141061761329491,1.8391570167094113,11,1,2,1.0,1,1.0,High,2026-09-25
21.10599,72.64655,3.78,342.77,277.16,24,0.8,161,36.33,6.68136645962733,7,55,6.381454545454544,0.5203619731762688,1.0677031178833394,0.7643923819373722,0.9212645010692546,5,13,6,1.0,1,1.0,High,2026-09-25
21.10658,72.64229,1.14,304.66,276.46,24,0.8,161,36.33,6.68136645962733,7,55,6.381454545454544,0.39450462149717486,1.4545283263802105,0.5392273526509479,1.292470267320053,5,13,6,1.0,1,1.0,High,2026-09-25
22.41668,69.03753,2.81,307.25,296.69,11,0.36666666666666664,17,4.85,2.543529411764706,6,12,2.2891666666666666,0.15917932424982226,,,,0,0,1,1.0,1,1.0,High,2026-09-25
22.87757,69.58741,1.62,308.76,296.83,1,0.03333333333333333,1,1.62,1.62,1,1,1.62,,,,,0,0,0,0.0,0,0.0,Low,2026-09-25
22.93297,69.70076,2.27,310.22,297.04,17,0.5666666666666667,35,5.33,1.9894285714285718,5,7,1.8042857142857145,0.25393262577744047,0.25393262577744047,,,0,0,2,1.0,1,1.0,High,2026-09-25
22.96784,72.55392,0.83,305.93,289.62,2,0.06666666666666667,2,0.83,0.615,1,1,0.83,0.3537194426934263,,,,0,0,2,,0,0.2518357487922705,Low,2026-09-25
